--Resets the db
--DROP SCHEMA public CASCADE;
--CREATE SCHEMA public;

----------------------CREATE TABLES------------------------
create type passenger_name as(
    pass_Fname varchar(255),
    pass_Lname varchar(255)
);

create type passenger_address as(
    pass_streetAddress varchar(255),
    pass_city varchar(255),
    pass_zip varchar(50),
    pass_country varchar(255)
);

create table Airport (
    airport_id varchar(7) not null Primary key,
    airport_name varchar(255) not null,
    airport_city varchar(255) not null,
    airport_country varchar(255) not null
);
    
create table Administrator (
    admin_id varchar(7) not null Primary key,
    admin_name varchar(255)
);
    
create table Airplane (
    airplane_id varchar(7) not null Primary key,
    airplane_name varchar(255) not null,
    airplane_aisletype varchar(255),
    airplane_bodyType varchar(255),
    airplane_company varchar(255)
);
    
create table Payment (
    payment_id varchar(7) not null Primary key,
    payment_price float not null,
    payment_time timestamp not null,
    payment_status varchar(30) not null,
    payment_method varchar(255)
);
    
create table Flight (
    flight_id varchar(7) not null Primary key,
    flight_name varchar(255),
    airport_id_depart varchar(7) references Airport(airport_id),
	airport_id_arrive varchar(7) references Airport(airport_id),
    flight_departureTime time,
    flight_arrivalTime time
);

Create table Schedule(
	schedule_id varchar(7) primary key,
	schedule_gateNumber varchar(3) not null,
	schedule_status varchar(20),
	actualDepartTime timestamp,
	estimatedArrivalTime timestamp,
    admin_id varchar(7) references Administrator(admin_id),
    airplane_id varchar(7) references Airplane(airplane_id),
    flight_id varchar(7) references Flight(flight_id)
);
 
create table Passenger(
    pass_id varchar(7) primary key,
    pass_name passenger_name,
    pass_email varchar(255),
    pass_gender varchar(10),
    pass_address passenger_address,
    pass_tierBonus int,
    pass_baggageWeight int,
    pass_age int,
	pass_mileage int
);

create table Membership_Basic(
    pass_id varchar(7) primary key
)inherits(Passenger);

create table Membership_Silver(
    pass_id varchar(7) primary key
)inherits(Passenger);

create table Membership_Gold(
    pass_id varchar(7) primary key,
    discount_rate float,
    lounge_location varchar(255)
)inherits(Passenger);

create table Membership_Platinum(
    pass_id varchar(7) primary key,
    discount_rate float,
    lounge_location varchar(255)
)inherits(Passenger);
    
create table Seat(
    seat_id varchar(7) primary key,
    seat_name varchar(50),
    airplane_id varchar(7) references Airplane(airplane_id)
);

create table Class_First(
    seat_id varchar(7) primary key,
    handouts varchar(255),
    airplane_id varchar(7) references Airplane(airplane_id)
)inherits(Seat);

create table Class_Business(
    seat_id varchar(7) primary key,
    handouts varchar(255),
    airplane_id varchar(7) references Airplane(airplane_id)
)inherits(Seat);

create table Class_Economic(
    seat_id varchar(7) primary key,
    airplane_id varchar(7) references Airplane(airplane_id)
)inherits(Seat);

--seat_id & pass_id supposed to be FK, but they point to multiple tables
--so trigger is used to check consistency instead.
create table Ticket (
    ticket_id varchar(7) not null Primary key,
    ticket_validity int not null,
    schedule_id varchar(7) references Schedule(schedule_id),
    payment_id varchar(7) references Payment(payment_id),
    seat_id varchar(7),
    pass_id varchar(7),
    book_datetime timestamp
);

--Trigger to check if pass_id in ticket is consistent with ones in membership_types
CREATE OR REPLACE FUNCTION fk_check_passenger()
  RETURNS trigger AS
$$
BEGIN
IF (NEW.pass_id IN (SELECT pass_id FROM public.membership_basic)) OR 
	(NEW.pass_id IN (SELECT pass_id FROM public.membership_silver)) OR 
	(NEW.pass_id IN (SELECT pass_id FROM public.membership_gold)) OR 
	(NEW.pass_id IN (SELECT pass_id FROM public.membership_platinum))
THEN
	RETURN NEW;
ELSE
	RAISE NOTICE 'pass_id is invalid';
	RETURN NULL;
END IF;

END;
$$ LANGUAGE 'plpgsql';

CREATE TRIGGER fk_trigger_passenger
  BEFORE INSERT OR UPDATE ON ticket
  FOR EACH ROW
  EXECUTE PROCEDURE fk_check_passenger();
  
--Trigger to check if seat_id in ticket is consistent with ones in class_types
CREATE OR REPLACE FUNCTION fk_check_seat()
  RETURNS trigger AS
$$
BEGIN
IF (NEW.seat_id IN (SELECT seat_id FROM public.class_economic)) OR 
	(NEW.seat_id IN (SELECT seat_id FROM public.class_business)) OR 
	(NEW.seat_id IN (SELECT seat_id FROM public.class_first)) 
THEN
	RETURN NEW;
ELSE
	RAISE NOTICE 'seat_id is invalid';
	RETURN NULL;
END IF;

END;
$$ LANGUAGE 'plpgsql';

CREATE TRIGGER fk_trigger_seat
  BEFORE INSERT OR UPDATE ON ticket
  FOR EACH ROW
  EXECUTE PROCEDURE fk_check_seat();

------------------------INSERT DATA---------------------------
INSERT INTO "public"."administrator" VALUES
    ('ad00001','Page Zotto'),
    ('ad00002','Emmalyn Picford'),
    ('ad00003','Hillier Korlat'),
    ('ad00004','Madelaine Beazley'),
    ('ad00005','Morty Danielsen'),
    ('ad00006','Rick Marlon'),
    ('ad00007','Jeffrey Westall'),
    ('ad00008','Terrell Mandeville'),
    ('ad00009','Ervin Stevenson'),
    ('ad00010','Thom Goodboddy'),
    ('ad00011','Nadean Garley'),
    ('ad00012','Daisie Lightbowne'),
    ('ad00013','Tate Kettlestringe'),
    ('ad00014','Patricia Brand-Hardy'),
    ('ad00015','Adriena Spinley'),
    ('ad00016','Noach Casely'),
    ('ad00017','Florencia Bubbins'),
    ('ad00018','Malchy Klimkin'),
    ('ad00019','Odille Feather'),
    ('ad00020','Vasili Woollends'),
    ('ad00021','Gilles Dobbyn'),
    ('ad00022','Radcliffe Ixer'),
    ('ad00023','Gertruda Ropking'),
    ('ad00024','Harrison Atyeo'),
    ('ad00025','Kalina Cleugher'),
    ('ad00026','Kirby Giraudoux'),
    ('ad00027','Dillie Peller'),
    ('ad00028','Leslie Mullineux'),
    ('ad00029','Sheela Jurasek'),
    ('ad00030','Retha Veeler');

INSERT INTO "public"."airplane" VALUES
    ('ai00001','Boeing 737','single-aisle','narrow-body','Boeing'),
    ('ai00002','Boeing 737 MAX 10','single-aisle','wide-body','Boeing'),
    ('ai00003','Boeing 737 MAX 7','single-aisle','wide-body','Boeing'),
    ('ai00004','Boeing 737 MAX 8','double-aisle','narrow-body','Boeing'),
    ('ai00005','Boeing 737 MAX 9','double-aisle','narrow-body','Boeing'),
    ('ai00006','Boeing 737-200','single-aisle','wide-body','Boeing'),
    ('ai00007','Boeing 737-300','double-aisle','narrow-body','Boeing'),
    ('ai00008','Boeing 737-400','double-aisle','wide-body','Boeing'),
    ('ai00009','Boeing 737-500','single-aisle','wide-body','Boeing'),
    ('ai00010','Boeing 737-600','single-aisle','narrow-body','Boeing'),
    ('ai00011','Boeing 737-700','single-aisle','narrow-body','Boeing'),
    ('ai00012','Boeing 737-800','double-aisle','wide-body','Boeing'),
    ('ai00013','Boeing 737-900','single-aisle','wide-body','Boeing'),
    ('ai00014','Boeing 747','single-aisle','narrow-body','Boeing'),
    ('ai00015','Boeing 747 LCF Dreamlifter','double-aisle','wide-body','Boeing'),
    ('ai00016','Boeing 747-100','double-aisle','wide-body','Boeing'),
    ('ai00017','Boeing 747-200','single-aisle','narrow-body','Boeing'),
    ('ai00018','Boeing 747-300','double-aisle','narrow-body','Boeing'),
    ('ai00019','Boeing 747-400','double-aisle','wide-body','Boeing'),
    ('ai00020','Boeing 747-400D','double-aisle','narrow-body','Boeing'),
    ('ai00021','Boeing 747-8','double-aisle','narrow-body','Boeing'),
    ('ai00022','Boeing 747SP','double-aisle','narrow-body','Boeing'),
    ('ai00023','Boeing 747SR','single-aisle','wide-body','Boeing'),
    ('ai00024','Bombardier 415','double-aisle','narrow-body','Bombardier'),
    ('ai00025','Bombardier BD-100 Challenger 300','single-aisle','narrow-body','Bombardier'),
    ('ai00026','Bombardier CS100','double-aisle','narrow-body','Bombardier'),
    ('ai00027','Bombardier CS300','double-aisle','wide-body','Bombardier'),
    ('ai00028','Bombardier Global Express','double-aisle','narrow-body','Bombardier'),
    ('ai00029','British Aerospace (BAC) One Eleven','single-aisle','narrow-body','British'),
    ('ai00030','British Aerospace 125 series / Hawker/Raytheon 700/800/800XP/850/900','double-aisle','narrow-body','British'),
    ('ai00031','British Aerospace 125-1000 series / Hawker/Raytheon 1000','single-aisle','wide-body','British'),
    ('ai00032','British Aerospace ATP','double-aisle','narrow-body','British'),
    ('ai00033','British Aerospace Jetstream 31','single-aisle','narrow-body','British'),
    ('ai00034','British Aerospace Jetstream 32','double-aisle','narrow-body','British'),
    ('ai00035','British Aerospace Jetstream 41','single-aisle','wide-body','British'),
    ('ai00036','Canadair Challenger','double-aisle','narrow-body','Canadair'),
    ('ai00037','Canadair CL-44','single-aisle','narrow-body','Canadair'),
    ('ai00038','Canadair Regional Jet 100','single-aisle','narrow-body','Canadair'),
    ('ai00039','Canadair Regional Jet 1000','double-aisle','wide-body','Canadair'),
    ('ai00040','Canadair Regional Jet 200','single-aisle','narrow-body','Canadair'),
    ('ai00041','Canadair Regional Jet 700','single-aisle','wide-body','Canadair'),
    ('ai00042','Canadair Regional Jet 900','double-aisle','wide-body','Canadair'),
    ('ai00043','McDonnell Douglas MD-11','double-aisle','wide-body','McDonnell'),
    ('ai00044','McDonnell Douglas MD-81','single-aisle','narrow-body','McDonnell'),
    ('ai00045','McDonnell Douglas MD-82','single-aisle','wide-body','McDonnell'),
    ('ai00046','McDonnell Douglas MD-83','double-aisle','narrow-body','McDonnell'),
    ('ai00047','McDonnell Douglas MD-87','single-aisle','narrow-body','McDonnell'),
    ('ai00048','McDonnell Douglas MD-88','single-aisle','narrow-body','McDonnell'),
    ('ai00049','McDonnell Douglas MD-90','double-aisle','wide-body','McDonnell'),
    ('ai00050','NAMC YS-11','double-aisle','narrow-body','NAMC');

INSERT INTO "public"."airport" VALUES
    ('ACF','Brisbane Archerfield Airport','Brisbane','Australia'),
    ('ABM','Northern Peninsula Airport','Amberley','Australia'),
    ('ASP','Alice Springs Airport','Alice Springs','Australia'),
    ('BNE','Brisbane International Airport','Brisbane','Australia'),
    ('OOL','Gold Coast Airport','Coolangatta','Australia'),
    ('CNS','Cairns International Airport','Cairns','Australia'),
    ('CTL','Charleville Airport','Charlieville','Australia'),
    ('YAM','Sault Ste Marie Airport','Sault Sainte Marie','Canada'),
    ('YAY','St. Anthony Airport','St. Anthony','Canada'),
    ('YAZ','Tofino / Long Beach Airport','Tofino','Canada'),
    ('YBB','Kugaaruk Airport','Pelly Bay','Canada'),
    ('YBC','Baie Comeau Airport','Baie Comeau','Canada'),
    ('YBG','CFB Bagotville','Bagotville','Canada'),
    ('YBK','Baker Lake Airport','Baker Lake','Canada'),
    ('YBL','Campbell River Airport','Campbell River','Canada'),
    ('PEK','Beijing Capital International Airport','Beijing','China'),
    ('HLD','Dongshan Airport','Hailar','China'),
    ('TSN','Tianjin Binhai International Airport','Tianjin','China'),
    ('TYN','Taiyuan Wusu Airport','Taiyuan','China'),
    ('CAN','Guangzhou Baiyun International Airport','Guangzhou','China'),
    ('CSX','Changsha Huanghua International Airport','Changcha','China'),
    ('KWL','Guilin Liangjiang International Airport','Guilin','China'),
    ('NNG','Nanning Wuxu Airport','Nanning','China'),
    ('ZQL','Donaueschingen-Villingen Airport','Donaueschingen','Germany'),
    ('BWE','Braunschweig-Wolfsburg Airport','Braunschweig','Germany'),
    ('KSF','Kassel-Calden Airport','Kassel','Germany'),
    ('BRV','Bremerhaven Airport','Bremerhaven','Germany'),
    ('EME','Emden Airport','Emden','Germany'),
    ('WVN','Wilhelmshaven-Mariensiel Airport','Wilhelmshaven','Germany'),
    ('HKG','Hong Kong International Airport','Hong Kong','Hong Kong'),
    ('HHP','Shun Tak Heliport','Hong Kong','Hong Kong'),
    ('AKD','Akola Airport','Akola','India'),
    ('IXU','Aurangabad Airport','Aurangabad','India'),
    ('BOM','Chhatrapati Shivaji International Airport','Mumbai','India'),
    ('PAB','Bilaspur Airport','Bilaspur','India'),
    ('BHJ','Bhuj Airport','Bhuj','India'),
    ('IXG','Belgaum Airport','Belgaum','India'),
    ('KMJ','Kumamoto Airport','Kumamoto','Japan'),
    ('NGS','Nagasaki Airport','Nagasaki','Japan'),
    ('ASJ','Amami Airport','Amami','Japan'),
    ('OKE','Okierabu Airport','Okierabu','Japan'),
    ('TKN','Tokunoshima Airport','Tokunoshima','Japan'),
    ('FKJ','Fukui Airport','Fukui','Japan'),
    ('QGU','Gifu Airport','Gifu','Japan'),
    ('KMQ','Komatsu Airport','Kanazawa','Japan'),
    ('OKI','Oki Airport','Oki Island','Japan'),
    ('TOY','Toyama Airport','Toyama','Japan'),
    ('HIJ','Hiroshima Airport','Hiroshima','Japan'),
    ('OKJ','Okayama Airport','Okayama','Japan'),
    ('KAT','Kaitaia Airport','Kaitaia','New Zealand'),
    ('ALR','Alexandra Airport','Alexandra','New Zealand'),
    ('MON','Mount Cook Airport','Mount Cook','New Zealand'),
    ('TEU','Manapouri Airport','Manapouri','New Zealand'),
    ('MRO','Hood Airport','Masterton','New Zealand'),
    ('NPL','New Plymouth Airport','New Plymouth','New Zealand'),
    ('NSN','Nelson Airport','Nelson','New Zealand'),
    ('IVC','Invercargill Airport','Invercargill','New Zealand'),
    ('OHA','RNZAF Base Ohakea','Ohakea','New Zealand'),
    ('OAM','Oamaru Airport','Oamaru','New Zealand'),
    ('PMR','Palmerston North Airport','Palmerston North','New Zealand'),
    ('KHV','Khabarovsk-Novy Airport','Khabarovsk','Russia'),
    ('PVS','Provideniya Bay Airport','Provideniya Bay','Russia'),
    ('GDX','Sokol Airport','Magadan','Russia'),
    ('PWE','Pevek Airport','Pevek','Russia'),
    ('PKC','Yelizovo Airport','Petropavlovsk','Russia'),
    ('UUS','Yuzhno-Sakhalinsk Airport','Yuzhno-sakhalinsk','Russia'),
    ('VVO','Vladivostok International Airport','Vladivostok','Russia'),
    ('HTA','Chita-Kadala Airport','Chita','Russia'),
    ('BTK','Bratsk Airport','Bratsk','Russia'),
    ('IKT','Irkutsk Airport','Irkutsk','Russia'),
    ('UUD','Ulan-Ude Airport (Mukhino)','Ulan-ude','Russia'),
    ('KWJ','Gwangju Airport','Kwangju','South Korea'),
    ('CHN','Jeon Ju Airport (G-703)','Jhunju','South Korea'),
    ('RSU','Yeosu Airport','Yeosu','South Korea'),
    ('KAG','Gangneung Airport (K-18)','Kangnung','South Korea'),
    ('CJU','Jeju International Airport','Cheju','South Korea'),
    ('CHF','Jinhae Airbase/Airport (G-813/K-10)','Chinhae','South Korea'),
    ('PUS','Gimhae International Airport','Busan','South Korea'),
    ('USN','Ulsan Airport','Ulsan','South Korea'),
    ('SSN','Seoul Air Base (K-16)','Seoul East','South Korea'),
    ('OSN','Osan Air Base','Osan','South Korea'),
    ('GMP','Gimpo International Airport','Seoul','South Korea'),
    ('SWU','Suwon Airport','Suwon','South Korea'),
    ('SIR','Sion Airport','Sion','Switzerland'),
    ('EML','Emmen Air Base','Emmen','Switzerland'),
    ('LUG','Lugano Airport','Lugano','Switzerland'),
    ('BRN','Bern Belp Airport','Bern','Switzerland'),
    ('ZHI','Grenchen Airport','Grenchen','Switzerland'),
    ('KNH','Kinmen Airport','Kinmen','Taiwan'),
    ('TTT','Taitung Airport','Fengnin','Taiwan'),
    ('GNI','Lyudao Airport','Green Island','Taiwan'),
    ('KHH','Kaohsiung International Airport','Kaohsiung','Taiwan'),
    ('CYI','Chiayi Airport','Chiayi','Taiwan'),
    ('KYD','Lanyu Airport','Lanyu','Taiwan'),
    ('RMQ','Taichung Ching Chuang Kang Airport','Taichung','Taiwan'),
    ('TNN','Tainan Airport','Tainan','Taiwan'),
    ('HSZ','Hsinchu Air Base','Hsinchu','Taiwan'),
    ('MZG','Makung Airport','Makung','Taiwan'),
    ('DMK','Don Mueang International Airport','Bangkok','Thailand'),
    ('KDT','Kamphaeng Saen Airport','Nakhon Pathom','Thailand'),
	('LPT','Lampang Airport','Lampang','Thailand'),
	('PRH','Phrae Airport','Phrae','Thailand'),
	('HHQ','Hua Hin Airport','Prachuap Khiri Khan','Thailand'),
	('TKH','Takhli Airport','Nakhon Sawan','Thailand'),
	('PHS','Phitsanulok Airport','Phitsanulok','Thailand'),
	('NAW','Narathiwat Airport','Narathiwat','Thailand'),
	('KBV','Krabi Airport','Krabi','Thailand'),
	('SGZ','Songkhla Airport','Songkhla','Thailand'),
	('PAN','Pattani Airport','Pattani','Thailand'),
	('USM','Samui Airport','Ko Samui','Thailand'),
	('HKT','Phuket International Airport','Phuket','Thailand'),
	('UNN','Ranong Airport','Ranong','Thailand'),
	('HDY','Hat Yai International Airport','Hat Yai','Thailand'),
	('TST','Trang Airport','Trang','Thailand'),
	('UTH','Udon Thani Airport','Udon Thani','Thailand'),
	('SNO','Sakon Nakhon Airport','Sakon Nakhon','Thailand'),
	('PXR','Surin Airport','Surin','Thailand'),
	('LOE','Loei Airport','Loei','Thailand'),
	('BKK','Suvarnabhumi Airport','Bangkok','Thailand');

INSERT INTO "public"."class_business" ("seat_id","seat_name","airplane_id","handouts") VALUES 
('cb00001','B01','ai00002','Snacks, Drinks'),
('cb00002','B02','ai00002','Snacks, Drinks'),
('cb00003','B03','ai00002','Snacks, Drinks'),
('cb00004','B04','ai00002','Snacks, Drinks'),
('cb00005','B05','ai00002','Snacks, Drinks'),
('cb00006','B06','ai00002','Snacks, Drinks'),
('cb00007','B07','ai00002','Snacks, Drinks'),
('cb00008','B08','ai00002','Snacks, Drinks'),
('cb00009','B09','ai00002','Snacks, Drinks'),
('cb00010','B10','ai00002','Snacks, Drinks'),
('cb00011','C01','ai00002','Snacks, Drinks'),
('cb00012','C02','ai00002','Snacks, Drinks'),
('cb00013','C03','ai00002','Snacks, Drinks'),
('cb00014','C04','ai00002','Snacks, Drinks'),
('cb00015','C05','ai00002','Snacks, Drinks'),
('cb00016','C06','ai00002','Snacks, Drinks'),
('cb00017','C07','ai00002','Snacks, Drinks'),
('cb00018','C08','ai00002','Snacks, Drinks'),
('cb00019','C09','ai00002','Snacks, Drinks'),
('cb00020','C10','ai00002','Snacks, Drinks'),
('cb00021','D01','ai00002','Snacks, Drinks'),
('cb00022','D02','ai00002','Snacks, Drinks'),
('cb00023','D03','ai00002','Snacks, Drinks'),
('cb00024','D04','ai00002','Snacks, Drinks'),
('cb00025','D05','ai00002','Snacks, Drinks'),
('cb00026','D06','ai00002','Snacks, Drinks'),
('cb00027','D07','ai00002','Snacks, Drinks'),
('cb00028','D08','ai00002','Snacks, Drinks'),
('cb00029','D09','ai00002','Snacks, Drinks'),
('cb00030','D10','ai00002','Snacks, Drinks'),
('cb00031','B01','ai00003','Snacks, Drinks'),
('cb00032','B02','ai00003','Snacks, Drinks'),
('cb00033','B03','ai00003','Snacks, Drinks'),
('cb00034','B04','ai00003','Snacks, Drinks'),
('cb00035','B05','ai00003','Snacks, Drinks'),
('cb00036','B06','ai00003','Snacks, Drinks'),
('cb00037','B07','ai00003','Snacks, Drinks'),
('cb00038','B08','ai00003','Snacks, Drinks'),
('cb00039','B09','ai00003','Snacks, Drinks'),
('cb00040','B10','ai00003','Snacks, Drinks'),
('cb00041','C01','ai00003','Snacks, Drinks'),
('cb00042','C02','ai00003','Snacks, Drinks'),
('cb00043','C03','ai00003','Snacks, Drinks'),
('cb00044','C04','ai00003','Snacks, Drinks'),
('cb00045','C05','ai00003','Snacks, Drinks'),
('cb00046','C06','ai00003','Snacks, Drinks'),
('cb00047','C07','ai00003','Snacks, Drinks'),
('cb00048','C08','ai00003','Snacks, Drinks'),
('cb00049','C09','ai00003','Snacks, Drinks'),
('cb00050','C10','ai00003','Snacks, Drinks'),
('cb00051','D01','ai00003','Snacks, Drinks'),
('cb00052','D02','ai00003','Snacks, Drinks'),
('cb00053','D03','ai00003','Snacks, Drinks'),
('cb00054','D04','ai00003','Snacks, Drinks'),
('cb00055','D05','ai00003','Snacks, Drinks'),
('cb00056','D06','ai00003','Snacks, Drinks'),
('cb00057','D07','ai00003','Snacks, Drinks'),
('cb00058','D08','ai00003','Snacks, Drinks'),
('cb00059','D09','ai00003','Snacks, Drinks'),
('cb00060','D10','ai00003','Snacks, Drinks'),
('cb00061','B01','ai00004','Snacks, Drinks'),
('cb00062','B02','ai00004','Snacks, Drinks'),
('cb00063','B03','ai00004','Snacks, Drinks'),
('cb00064','B04','ai00004','Snacks, Drinks'),
('cb00065','B05','ai00004','Snacks, Drinks'),
('cb00066','B06','ai00004','Snacks, Drinks'),
('cb00067','B07','ai00004','Snacks, Drinks'),
('cb00068','B08','ai00004','Snacks, Drinks'),
('cb00069','B09','ai00004','Snacks, Drinks'),
('cb00070','B10','ai00004','Snacks, Drinks'),
('cb00071','C01','ai00004','Snacks, Drinks'),
('cb00072','C02','ai00004','Snacks, Drinks'),
('cb00073','C03','ai00004','Snacks, Drinks'),
('cb00074','C04','ai00004','Snacks, Drinks'),
('cb00075','C05','ai00004','Snacks, Drinks'),
('cb00076','C06','ai00004','Snacks, Drinks'),
('cb00077','C07','ai00004','Snacks, Drinks'),
('cb00078','C08','ai00004','Snacks, Drinks'),
('cb00079','C09','ai00004','Snacks, Drinks'),
('cb00080','C10','ai00004','Snacks, Drinks'),
('cb00081','D01','ai00004','Snacks, Drinks'),
('cb00082','D02','ai00004','Snacks, Drinks'),
('cb00083','D03','ai00004','Snacks, Drinks'),
('cb00084','D04','ai00004','Snacks, Drinks'),
('cb00085','D05','ai00004','Snacks, Drinks'),
('cb00086','D06','ai00004','Snacks, Drinks'),
('cb00087','D07','ai00004','Snacks, Drinks'),
('cb00088','D08','ai00004','Snacks, Drinks'),
('cb00089','D09','ai00004','Snacks, Drinks'),
('cb00090','D10','ai00004','Snacks, Drinks'),
('cb00091','B01','ai00005','Snacks, Drinks'),
('cb00092','B02','ai00005','Snacks, Drinks'),
('cb00093','B03','ai00005','Snacks, Drinks'),
('cb00094','B04','ai00005','Snacks, Drinks'),
('cb00095','B05','ai00005','Snacks, Drinks'),
('cb00096','B06','ai00005','Snacks, Drinks'),
('cb00097','B07','ai00005','Snacks, Drinks'),
('cb00098','B08','ai00005','Snacks, Drinks'),
('cb00099','B09','ai00005','Snacks, Drinks'),
('cb00100','B10','ai00005','Snacks, Drinks'),
('cb00101','C01','ai00005','Snacks, Drinks'),
('cb00102','C02','ai00005','Snacks, Drinks'),
('cb00103','C03','ai00005','Snacks, Drinks'),
('cb00104','C04','ai00005','Snacks, Drinks'),
('cb00105','C05','ai00005','Snacks, Drinks'),
('cb00106','C06','ai00005','Snacks, Drinks'),
('cb00107','C07','ai00005','Snacks, Drinks'),
('cb00108','C08','ai00005','Snacks, Drinks'),
('cb00109','C09','ai00005','Snacks, Drinks'),
('cb00110','C10','ai00005','Snacks, Drinks'),
('cb00111','D01','ai00005','Snacks, Drinks'),
('cb00112','D02','ai00005','Snacks, Drinks'),
('cb00113','D03','ai00005','Snacks, Drinks'),
('cb00114','D04','ai00005','Snacks, Drinks'),
('cb00115','D05','ai00005','Snacks, Drinks'),
('cb00116','D06','ai00005','Snacks, Drinks'),
('cb00117','D07','ai00005','Snacks, Drinks'),
('cb00118','D08','ai00005','Snacks, Drinks'),
('cb00119','D09','ai00005','Snacks, Drinks'),
('cb00120','D10','ai00005','Snacks, Drinks'),
('cb00121','B01','ai00006','Snacks, Drinks'),
('cb00122','B02','ai00006','Snacks, Drinks'),
('cb00123','B03','ai00006','Snacks, Drinks'),
('cb00124','B04','ai00006','Snacks, Drinks'),
('cb00125','B05','ai00006','Snacks, Drinks'),
('cb00126','B06','ai00006','Snacks, Drinks'),
('cb00127','B07','ai00006','Snacks, Drinks'),
('cb00128','B08','ai00006','Snacks, Drinks'),
('cb00129','B09','ai00006','Snacks, Drinks'),
('cb00130','B10','ai00006','Snacks, Drinks'),
('cb00131','C01','ai00006','Snacks, Drinks'),
('cb00132','C02','ai00006','Snacks, Drinks'),
('cb00133','C03','ai00006','Snacks, Drinks'),
('cb00134','C04','ai00006','Snacks, Drinks'),
('cb00135','C05','ai00006','Snacks, Drinks'),
('cb00136','C06','ai00006','Snacks, Drinks'),
('cb00137','C07','ai00006','Snacks, Drinks'),
('cb00138','C08','ai00006','Snacks, Drinks'),
('cb00139','C09','ai00006','Snacks, Drinks'),
('cb00140','C10','ai00006','Snacks, Drinks'),
('cb00141','D01','ai00006','Snacks, Drinks'),
('cb00142','D02','ai00006','Snacks, Drinks'),
('cb00143','D03','ai00006','Snacks, Drinks'),
('cb00144','D04','ai00006','Snacks, Drinks'),
('cb00145','D05','ai00006','Snacks, Drinks'),
('cb00146','D06','ai00006','Snacks, Drinks'),
('cb00147','D07','ai00006','Snacks, Drinks'),
('cb00148','D08','ai00006','Snacks, Drinks'),
('cb00149','D09','ai00006','Snacks, Drinks'),
('cb00150','D10','ai00006','Snacks, Drinks'),
('cb00151','B01','ai00007','Snacks, Drinks'),
('cb00152','B02','ai00007','Snacks, Drinks'),
('cb00153','B03','ai00007','Snacks, Drinks'),
('cb00154','B04','ai00007','Snacks, Drinks'),
('cb00155','B05','ai00007','Snacks, Drinks'),
('cb00156','B06','ai00007','Snacks, Drinks'),
('cb00157','B07','ai00007','Snacks, Drinks'),
('cb00158','B08','ai00007','Snacks, Drinks'),
('cb00159','B09','ai00007','Snacks, Drinks'),
('cb00160','B10','ai00007','Snacks, Drinks'),
('cb00161','C01','ai00007','Snacks, Drinks'),
('cb00162','C02','ai00007','Snacks, Drinks'),
('cb00163','C03','ai00007','Snacks, Drinks'),
('cb00164','C04','ai00007','Snacks, Drinks'),
('cb00165','C05','ai00007','Snacks, Drinks'),
('cb00166','C06','ai00007','Snacks, Drinks'),
('cb00167','C07','ai00007','Snacks, Drinks'),
('cb00168','C08','ai00007','Snacks, Drinks'),
('cb00169','C09','ai00007','Snacks, Drinks'),
('cb00170','C10','ai00007','Snacks, Drinks'),
('cb00171','D01','ai00007','Snacks, Drinks'),
('cb00172','D02','ai00007','Snacks, Drinks'),
('cb00173','D03','ai00007','Snacks, Drinks'),
('cb00174','D04','ai00007','Snacks, Drinks'),
('cb00175','D05','ai00007','Snacks, Drinks'),
('cb00176','D06','ai00007','Snacks, Drinks'),
('cb00177','D07','ai00007','Snacks, Drinks'),
('cb00178','D08','ai00007','Snacks, Drinks'),
('cb00179','D09','ai00007','Snacks, Drinks'),
('cb00180','D10','ai00007','Snacks, Drinks'),
('cb00181','B01','ai00008','Snacks, Drinks'),
('cb00182','B02','ai00008','Snacks, Drinks'),
('cb00183','B03','ai00008','Snacks, Drinks'),
('cb00184','B04','ai00008','Snacks, Drinks'),
('cb00185','B05','ai00008','Snacks, Drinks'),
('cb00186','B06','ai00008','Snacks, Drinks'),
('cb00187','B07','ai00008','Snacks, Drinks'),
('cb00188','B08','ai00008','Snacks, Drinks'),
('cb00189','B09','ai00008','Snacks, Drinks'),
('cb00190','B10','ai00008','Snacks, Drinks'),
('cb00191','C01','ai00008','Snacks, Drinks'),
('cb00192','C02','ai00008','Snacks, Drinks'),
('cb00193','C03','ai00008','Snacks, Drinks'),
('cb00194','C04','ai00008','Snacks, Drinks'),
('cb00195','C05','ai00008','Snacks, Drinks'),
('cb00196','C06','ai00008','Snacks, Drinks'),
('cb00197','C07','ai00008','Snacks, Drinks'),
('cb00198','C08','ai00008','Snacks, Drinks'),
('cb00199','C09','ai00008','Snacks, Drinks'),
('cb00200','C10','ai00008','Snacks, Drinks'),
('cb00201','D01','ai00008','Snacks, Drinks'),
('cb00202','D02','ai00008','Snacks, Drinks'),
('cb00203','D03','ai00008','Snacks, Drinks'),
('cb00204','D04','ai00008','Snacks, Drinks'),
('cb00205','D05','ai00008','Snacks, Drinks'),
('cb00206','D06','ai00008','Snacks, Drinks'),
('cb00207','D07','ai00008','Snacks, Drinks'),
('cb00208','D08','ai00008','Snacks, Drinks'),
('cb00209','D09','ai00008','Snacks, Drinks'),
('cb00210','D10','ai00008','Snacks, Drinks'),
('cb00211','B01','ai00009','Snacks, Drinks'),
('cb00212','B02','ai00009','Snacks, Drinks'),
('cb00213','B03','ai00009','Snacks, Drinks'),
('cb00214','B04','ai00009','Snacks, Drinks'),
('cb00215','B05','ai00009','Snacks, Drinks'),
('cb00216','B06','ai00009','Snacks, Drinks'),
('cb00217','B07','ai00009','Snacks, Drinks'),
('cb00218','B08','ai00009','Snacks, Drinks'),
('cb00219','B09','ai00009','Snacks, Drinks'),
('cb00220','B10','ai00009','Snacks, Drinks'),
('cb00221','C01','ai00009','Snacks, Drinks'),
('cb00222','C02','ai00009','Snacks, Drinks'),
('cb00223','C03','ai00009','Snacks, Drinks'),
('cb00224','C04','ai00009','Snacks, Drinks'),
('cb00225','C05','ai00009','Snacks, Drinks'),
('cb00226','C06','ai00009','Snacks, Drinks'),
('cb00227','C07','ai00009','Snacks, Drinks'),
('cb00228','C08','ai00009','Snacks, Drinks'),
('cb00229','C09','ai00009','Snacks, Drinks'),
('cb00230','C10','ai00009','Snacks, Drinks'),
('cb00231','D01','ai00009','Snacks, Drinks'),
('cb00232','D02','ai00009','Snacks, Drinks'),
('cb00233','D03','ai00009','Snacks, Drinks'),
('cb00234','D04','ai00009','Snacks, Drinks'),
('cb00235','D05','ai00009','Snacks, Drinks'),
('cb00236','D06','ai00009','Snacks, Drinks'),
('cb00237','D07','ai00009','Snacks, Drinks'),
('cb00238','D08','ai00009','Snacks, Drinks'),
('cb00239','D09','ai00009','Snacks, Drinks'),
('cb00240','D10','ai00009','Snacks, Drinks'),
('cb00241','B01','ai00010','Snacks, Drinks'),
('cb00242','B02','ai00010','Snacks, Drinks'),
('cb00243','B03','ai00010','Snacks, Drinks'),
('cb00244','B04','ai00010','Snacks, Drinks'),
('cb00245','B05','ai00010','Snacks, Drinks'),
('cb00246','B06','ai00010','Snacks, Drinks'),
('cb00247','B07','ai00010','Snacks, Drinks'),
('cb00248','B08','ai00010','Snacks, Drinks'),
('cb00249','B09','ai00010','Snacks, Drinks'),
('cb00250','B10','ai00010','Snacks, Drinks'),
('cb00251','C01','ai00010','Snacks, Drinks'),
('cb00252','C02','ai00010','Snacks, Drinks'),
('cb00253','C03','ai00010','Snacks, Drinks'),
('cb00254','C04','ai00010','Snacks, Drinks'),
('cb00255','C05','ai00010','Snacks, Drinks'),
('cb00256','C06','ai00010','Snacks, Drinks'),
('cb00257','C07','ai00010','Snacks, Drinks'),
('cb00258','C08','ai00010','Snacks, Drinks'),
('cb00259','C09','ai00010','Snacks, Drinks'),
('cb00260','C10','ai00010','Snacks, Drinks'),
('cb00261','D01','ai00010','Snacks, Drinks'),
('cb00262','D02','ai00010','Snacks, Drinks'),
('cb00263','D03','ai00010','Snacks, Drinks'),
('cb00264','D04','ai00010','Snacks, Drinks'),
('cb00265','D05','ai00010','Snacks, Drinks'),
('cb00266','D06','ai00010','Snacks, Drinks'),
('cb00267','D07','ai00010','Snacks, Drinks'),
('cb00268','D08','ai00010','Snacks, Drinks'),
('cb00269','D09','ai00010','Snacks, Drinks'),
('cb00270','D10','ai00010','Snacks, Drinks'),
('cb00271','B01','ai00011','Snacks, Drinks'),
('cb00272','B02','ai00011','Snacks, Drinks'),
('cb00273','B03','ai00011','Snacks, Drinks'),
('cb00274','B04','ai00011','Snacks, Drinks'),
('cb00275','B05','ai00011','Snacks, Drinks'),
('cb00276','B06','ai00011','Snacks, Drinks'),
('cb00277','B07','ai00011','Snacks, Drinks'),
('cb00278','B08','ai00011','Snacks, Drinks'),
('cb00279','B09','ai00011','Snacks, Drinks'),
('cb00280','B10','ai00011','Snacks, Drinks'),
('cb00281','C01','ai00011','Snacks, Drinks'),
('cb00282','C02','ai00011','Snacks, Drinks'),
('cb00283','C03','ai00011','Snacks, Drinks'),
('cb00284','C04','ai00011','Snacks, Drinks'),
('cb00285','C05','ai00011','Snacks, Drinks'),
('cb00286','C06','ai00011','Snacks, Drinks'),
('cb00287','C07','ai00011','Snacks, Drinks'),
('cb00288','C08','ai00011','Snacks, Drinks'),
('cb00289','C09','ai00011','Snacks, Drinks'),
('cb00290','C10','ai00011','Snacks, Drinks'),
('cb00291','D01','ai00011','Snacks, Drinks'),
('cb00292','D02','ai00011','Snacks, Drinks'),
('cb00293','D03','ai00011','Snacks, Drinks'),
('cb00294','D04','ai00011','Snacks, Drinks'),
('cb00295','D05','ai00011','Snacks, Drinks'),
('cb00296','D06','ai00011','Snacks, Drinks'),
('cb00297','D07','ai00011','Snacks, Drinks'),
('cb00298','D08','ai00011','Snacks, Drinks'),
('cb00299','D09','ai00011','Snacks, Drinks'),
('cb00300','D10','ai00011','Snacks, Drinks'),
('cb00301','B01','ai00012','Snacks, Drinks'),
('cb00302','B02','ai00012','Snacks, Drinks'),
('cb00303','B03','ai00012','Snacks, Drinks'),
('cb00304','B04','ai00012','Snacks, Drinks'),
('cb00305','B05','ai00012','Snacks, Drinks'),
('cb00306','B06','ai00012','Snacks, Drinks'),
('cb00307','B07','ai00012','Snacks, Drinks'),
('cb00308','B08','ai00012','Snacks, Drinks'),
('cb00309','B09','ai00012','Snacks, Drinks'),
('cb00310','B10','ai00012','Snacks, Drinks'),
('cb00311','C01','ai00012','Snacks, Drinks'),
('cb00312','C02','ai00012','Snacks, Drinks'),
('cb00313','C03','ai00012','Snacks, Drinks'),
('cb00314','C04','ai00012','Snacks, Drinks'),
('cb00315','C05','ai00012','Snacks, Drinks'),
('cb00316','C06','ai00012','Snacks, Drinks'),
('cb00317','C07','ai00012','Snacks, Drinks'),
('cb00318','C08','ai00012','Snacks, Drinks'),
('cb00319','C09','ai00012','Snacks, Drinks'),
('cb00320','C10','ai00012','Snacks, Drinks'),
('cb00321','D01','ai00012','Snacks, Drinks'),
('cb00322','D02','ai00012','Snacks, Drinks'),
('cb00323','D03','ai00012','Snacks, Drinks'),
('cb00324','D04','ai00012','Snacks, Drinks'),
('cb00325','D05','ai00012','Snacks, Drinks'),
('cb00326','D06','ai00012','Snacks, Drinks'),
('cb00327','D07','ai00012','Snacks, Drinks'),
('cb00328','D08','ai00012','Snacks, Drinks'),
('cb00329','D09','ai00012','Snacks, Drinks'),
('cb00330','D10','ai00012','Snacks, Drinks'),
('cb00331','B01','ai00013','Snacks, Drinks'),
('cb00332','B02','ai00013','Snacks, Drinks'),
('cb00333','B03','ai00013','Snacks, Drinks'),
('cb00334','B04','ai00013','Snacks, Drinks'),
('cb00335','B05','ai00013','Snacks, Drinks'),
('cb00336','B06','ai00013','Snacks, Drinks'),
('cb00337','B07','ai00013','Snacks, Drinks'),
('cb00338','B08','ai00013','Snacks, Drinks'),
('cb00339','B09','ai00013','Snacks, Drinks'),
('cb00340','B10','ai00013','Snacks, Drinks'),
('cb00341','C01','ai00013','Snacks, Drinks'),
('cb00342','C02','ai00013','Snacks, Drinks'),
('cb00343','C03','ai00013','Snacks, Drinks'),
('cb00344','C04','ai00013','Snacks, Drinks'),
('cb00345','C05','ai00013','Snacks, Drinks'),
('cb00346','C06','ai00013','Snacks, Drinks'),
('cb00347','C07','ai00013','Snacks, Drinks'),
('cb00348','C08','ai00013','Snacks, Drinks'),
('cb00349','C09','ai00013','Snacks, Drinks'),
('cb00350','C10','ai00013','Snacks, Drinks'),
('cb00351','D01','ai00013','Snacks, Drinks'),
('cb00352','D02','ai00013','Snacks, Drinks'),
('cb00353','D03','ai00013','Snacks, Drinks'),
('cb00354','D04','ai00013','Snacks, Drinks'),
('cb00355','D05','ai00013','Snacks, Drinks'),
('cb00356','D06','ai00013','Snacks, Drinks'),
('cb00357','D07','ai00013','Snacks, Drinks'),
('cb00358','D08','ai00013','Snacks, Drinks'),
('cb00359','D09','ai00013','Snacks, Drinks'),
('cb00360','D10','ai00013','Snacks, Drinks'),
('cb00361','B01','ai00014','Snacks, Drinks'),
('cb00362','B02','ai00014','Snacks, Drinks'),
('cb00363','B03','ai00014','Snacks, Drinks'),
('cb00364','B04','ai00014','Snacks, Drinks'),
('cb00365','B05','ai00014','Snacks, Drinks'),
('cb00366','B06','ai00014','Snacks, Drinks'),
('cb00367','B07','ai00014','Snacks, Drinks'),
('cb00368','B08','ai00014','Snacks, Drinks'),
('cb00369','B09','ai00014','Snacks, Drinks'),
('cb00370','B10','ai00014','Snacks, Drinks'),
('cb00371','C01','ai00014','Snacks, Drinks'),
('cb00372','C02','ai00014','Snacks, Drinks'),
('cb00373','C03','ai00014','Snacks, Drinks'),
('cb00374','C04','ai00014','Snacks, Drinks'),
('cb00375','C05','ai00014','Snacks, Drinks'),
('cb00376','C06','ai00014','Snacks, Drinks'),
('cb00377','C07','ai00014','Snacks, Drinks'),
('cb00378','C08','ai00014','Snacks, Drinks'),
('cb00379','C09','ai00014','Snacks, Drinks'),
('cb00380','C10','ai00014','Snacks, Drinks'),
('cb00381','D01','ai00014','Snacks, Drinks'),
('cb00382','D02','ai00014','Snacks, Drinks'),
('cb00383','D03','ai00014','Snacks, Drinks'),
('cb00384','D04','ai00014','Snacks, Drinks'),
('cb00385','D05','ai00014','Snacks, Drinks'),
('cb00386','D06','ai00014','Snacks, Drinks'),
('cb00387','D07','ai00014','Snacks, Drinks'),
('cb00388','D08','ai00014','Snacks, Drinks'),
('cb00389','D09','ai00014','Snacks, Drinks'),
('cb00390','D10','ai00014','Snacks, Drinks'),
('cb00391','B01','ai00015','Snacks, Drinks'),
('cb00392','B02','ai00015','Snacks, Drinks'),
('cb00393','B03','ai00015','Snacks, Drinks'),
('cb00394','B04','ai00015','Snacks, Drinks'),
('cb00395','B05','ai00015','Snacks, Drinks'),
('cb00396','B06','ai00015','Snacks, Drinks'),
('cb00397','B07','ai00015','Snacks, Drinks'),
('cb00398','B08','ai00015','Snacks, Drinks'),
('cb00399','B09','ai00015','Snacks, Drinks'),
('cb00400','B10','ai00015','Snacks, Drinks'),
('cb00401','C01','ai00015','Snacks, Drinks'),
('cb00402','C02','ai00015','Snacks, Drinks'),
('cb00403','C03','ai00015','Snacks, Drinks'),
('cb00404','C04','ai00015','Snacks, Drinks'),
('cb00405','C05','ai00015','Snacks, Drinks'),
('cb00406','C06','ai00015','Snacks, Drinks'),
('cb00407','C07','ai00015','Snacks, Drinks'),
('cb00408','C08','ai00015','Snacks, Drinks'),
('cb00409','C09','ai00015','Snacks, Drinks'),
('cb00410','C10','ai00015','Snacks, Drinks'),
('cb00411','D01','ai00015','Snacks, Drinks'),
('cb00412','D02','ai00015','Snacks, Drinks'),
('cb00413','D03','ai00015','Snacks, Drinks'),
('cb00414','D04','ai00015','Snacks, Drinks'),
('cb00415','D05','ai00015','Snacks, Drinks'),
('cb00416','D06','ai00015','Snacks, Drinks'),
('cb00417','D07','ai00015','Snacks, Drinks'),
('cb00418','D08','ai00015','Snacks, Drinks'),
('cb00419','D09','ai00015','Snacks, Drinks'),
('cb00420','D10','ai00015','Snacks, Drinks'),
('cb00421','B01','ai00016','Snacks, Drinks'),
('cb00422','B02','ai00016','Snacks, Drinks'),
('cb00423','B03','ai00016','Snacks, Drinks'),
('cb00424','B04','ai00016','Snacks, Drinks'),
('cb00425','B05','ai00016','Snacks, Drinks'),
('cb00426','B06','ai00016','Snacks, Drinks'),
('cb00427','B07','ai00016','Snacks, Drinks'),
('cb00428','B08','ai00016','Snacks, Drinks'),
('cb00429','B09','ai00016','Snacks, Drinks'),
('cb00430','B10','ai00016','Snacks, Drinks'),
('cb00431','C01','ai00016','Snacks, Drinks'),
('cb00432','C02','ai00016','Snacks, Drinks'),
('cb00433','C03','ai00016','Snacks, Drinks'),
('cb00434','C04','ai00016','Snacks, Drinks'),
('cb00435','C05','ai00016','Snacks, Drinks'),
('cb00436','C06','ai00016','Snacks, Drinks'),
('cb00437','C07','ai00016','Snacks, Drinks'),
('cb00438','C08','ai00016','Snacks, Drinks'),
('cb00439','C09','ai00016','Snacks, Drinks'),
('cb00440','C10','ai00016','Snacks, Drinks'),
('cb00441','D01','ai00016','Snacks, Drinks'),
('cb00442','D02','ai00016','Snacks, Drinks'),
('cb00443','D03','ai00016','Snacks, Drinks'),
('cb00444','D04','ai00016','Snacks, Drinks'),
('cb00445','D05','ai00016','Snacks, Drinks'),
('cb00446','D06','ai00016','Snacks, Drinks'),
('cb00447','D07','ai00016','Snacks, Drinks'),
('cb00448','D08','ai00016','Snacks, Drinks'),
('cb00449','D09','ai00016','Snacks, Drinks'),
('cb00450','D10','ai00016','Snacks, Drinks'),
('cb00451','B01','ai00017','Snacks, Drinks'),
('cb00452','B02','ai00017','Snacks, Drinks'),
('cb00453','B03','ai00017','Snacks, Drinks'),
('cb00454','B04','ai00017','Snacks, Drinks'),
('cb00455','B05','ai00017','Snacks, Drinks'),
('cb00456','B06','ai00017','Snacks, Drinks'),
('cb00457','B07','ai00017','Snacks, Drinks'),
('cb00458','B08','ai00017','Snacks, Drinks'),
('cb00459','B09','ai00017','Snacks, Drinks'),
('cb00460','B10','ai00017','Snacks, Drinks'),
('cb00461','C01','ai00017','Snacks, Drinks'),
('cb00462','C02','ai00017','Snacks, Drinks'),
('cb00463','C03','ai00017','Snacks, Drinks'),
('cb00464','C04','ai00017','Snacks, Drinks'),
('cb00465','C05','ai00017','Snacks, Drinks'),
('cb00466','C06','ai00017','Snacks, Drinks'),
('cb00467','C07','ai00017','Snacks, Drinks'),
('cb00468','C08','ai00017','Snacks, Drinks'),
('cb00469','C09','ai00017','Snacks, Drinks'),
('cb00470','C10','ai00017','Snacks, Drinks'),
('cb00471','D01','ai00017','Snacks, Drinks'),
('cb00472','D02','ai00017','Snacks, Drinks'),
('cb00473','D03','ai00017','Snacks, Drinks'),
('cb00474','D04','ai00017','Snacks, Drinks'),
('cb00475','D05','ai00017','Snacks, Drinks'),
('cb00476','D06','ai00017','Snacks, Drinks'),
('cb00477','D07','ai00017','Snacks, Drinks'),
('cb00478','D08','ai00017','Snacks, Drinks'),
('cb00479','D09','ai00017','Snacks, Drinks'),
('cb00480','D10','ai00017','Snacks, Drinks'),
('cb00481','B01','ai00018','Snacks, Drinks'),
('cb00482','B02','ai00018','Snacks, Drinks'),
('cb00483','B03','ai00018','Snacks, Drinks'),
('cb00484','B04','ai00018','Snacks, Drinks'),
('cb00485','B05','ai00018','Snacks, Drinks'),
('cb00486','B06','ai00018','Snacks, Drinks'),
('cb00487','B07','ai00018','Snacks, Drinks'),
('cb00488','B08','ai00018','Snacks, Drinks'),
('cb00489','B09','ai00018','Snacks, Drinks'),
('cb00490','B10','ai00018','Snacks, Drinks'),
('cb00491','C01','ai00018','Snacks, Drinks'),
('cb00492','C02','ai00018','Snacks, Drinks'),
('cb00493','C03','ai00018','Snacks, Drinks'),
('cb00494','C04','ai00018','Snacks, Drinks'),
('cb00495','C05','ai00018','Snacks, Drinks'),
('cb00496','C06','ai00018','Snacks, Drinks'),
('cb00497','C07','ai00018','Snacks, Drinks'),
('cb00498','C08','ai00018','Snacks, Drinks'),
('cb00499','C09','ai00018','Snacks, Drinks'),
('cb00500','C10','ai00018','Snacks, Drinks'),
('cb00501','D01','ai00018','Snacks, Drinks'),
('cb00502','D02','ai00018','Snacks, Drinks'),
('cb00503','D03','ai00018','Snacks, Drinks'),
('cb00504','D04','ai00018','Snacks, Drinks'),
('cb00505','D05','ai00018','Snacks, Drinks'),
('cb00506','D06','ai00018','Snacks, Drinks'),
('cb00507','D07','ai00018','Snacks, Drinks'),
('cb00508','D08','ai00018','Snacks, Drinks'),
('cb00509','D09','ai00018','Snacks, Drinks'),
('cb00510','D10','ai00018','Snacks, Drinks'),
('cb00511','B01','ai00019','Snacks, Drinks'),
('cb00512','B02','ai00019','Snacks, Drinks'),
('cb00513','B03','ai00019','Snacks, Drinks'),
('cb00514','B04','ai00019','Snacks, Drinks'),
('cb00515','B05','ai00019','Snacks, Drinks'),
('cb00516','B06','ai00019','Snacks, Drinks'),
('cb00517','B07','ai00019','Snacks, Drinks'),
('cb00518','B08','ai00019','Snacks, Drinks'),
('cb00519','B09','ai00019','Snacks, Drinks'),
('cb00520','B10','ai00019','Snacks, Drinks'),
('cb00521','C01','ai00019','Snacks, Drinks'),
('cb00522','C02','ai00019','Snacks, Drinks'),
('cb00523','C03','ai00019','Snacks, Drinks'),
('cb00524','C04','ai00019','Snacks, Drinks'),
('cb00525','C05','ai00019','Snacks, Drinks'),
('cb00526','C06','ai00019','Snacks, Drinks'),
('cb00527','C07','ai00019','Snacks, Drinks'),
('cb00528','C08','ai00019','Snacks, Drinks'),
('cb00529','C09','ai00019','Snacks, Drinks'),
('cb00530','C10','ai00019','Snacks, Drinks'),
('cb00531','D01','ai00019','Snacks, Drinks'),
('cb00532','D02','ai00019','Snacks, Drinks'),
('cb00533','D03','ai00019','Snacks, Drinks'),
('cb00534','D04','ai00019','Snacks, Drinks'),
('cb00535','D05','ai00019','Snacks, Drinks'),
('cb00536','D06','ai00019','Snacks, Drinks'),
('cb00537','D07','ai00019','Snacks, Drinks'),
('cb00538','D08','ai00019','Snacks, Drinks'),
('cb00539','D09','ai00019','Snacks, Drinks'),
('cb00540','D10','ai00019','Snacks, Drinks'),
('cb00541','B01','ai00020','Snacks, Drinks'),
('cb00542','B02','ai00020','Snacks, Drinks'),
('cb00543','B03','ai00020','Snacks, Drinks'),
('cb00544','B04','ai00020','Snacks, Drinks'),
('cb00545','B05','ai00020','Snacks, Drinks'),
('cb00546','B06','ai00020','Snacks, Drinks'),
('cb00547','B07','ai00020','Snacks, Drinks'),
('cb00548','B08','ai00020','Snacks, Drinks'),
('cb00549','B09','ai00020','Snacks, Drinks'),
('cb00550','B10','ai00020','Snacks, Drinks'),
('cb00551','C01','ai00020','Snacks, Drinks'),
('cb00552','C02','ai00020','Snacks, Drinks'),
('cb00553','C03','ai00020','Snacks, Drinks'),
('cb00554','C04','ai00020','Snacks, Drinks'),
('cb00555','C05','ai00020','Snacks, Drinks'),
('cb00556','C06','ai00020','Snacks, Drinks'),
('cb00557','C07','ai00020','Snacks, Drinks'),
('cb00558','C08','ai00020','Snacks, Drinks'),
('cb00559','C09','ai00020','Snacks, Drinks'),
('cb00560','C10','ai00020','Snacks, Drinks'),
('cb00561','D01','ai00020','Snacks, Drinks'),
('cb00562','D02','ai00020','Snacks, Drinks'),
('cb00563','D03','ai00020','Snacks, Drinks'),
('cb00564','D04','ai00020','Snacks, Drinks'),
('cb00565','D05','ai00020','Snacks, Drinks'),
('cb00566','D06','ai00020','Snacks, Drinks'),
('cb00567','D07','ai00020','Snacks, Drinks'),
('cb00568','D08','ai00020','Snacks, Drinks'),
('cb00569','D09','ai00020','Snacks, Drinks'),
('cb00570','D10','ai00020','Snacks, Drinks'),
('cb00571','B01','ai00021','Snacks, Drinks'),
('cb00572','B02','ai00021','Snacks, Drinks'),
('cb00573','B03','ai00021','Snacks, Drinks'),
('cb00574','B04','ai00021','Snacks, Drinks'),
('cb00575','B05','ai00021','Snacks, Drinks'),
('cb00576','B06','ai00021','Snacks, Drinks'),
('cb00577','B07','ai00021','Snacks, Drinks'),
('cb00578','B08','ai00021','Snacks, Drinks'),
('cb00579','B09','ai00021','Snacks, Drinks'),
('cb00580','B10','ai00021','Snacks, Drinks'),
('cb00581','C01','ai00021','Snacks, Drinks'),
('cb00582','C02','ai00021','Snacks, Drinks'),
('cb00583','C03','ai00021','Snacks, Drinks'),
('cb00584','C04','ai00021','Snacks, Drinks'),
('cb00585','C05','ai00021','Snacks, Drinks'),
('cb00586','C06','ai00021','Snacks, Drinks'),
('cb00587','C07','ai00021','Snacks, Drinks'),
('cb00588','C08','ai00021','Snacks, Drinks'),
('cb00589','C09','ai00021','Snacks, Drinks'),
('cb00590','C10','ai00021','Snacks, Drinks'),
('cb00591','D01','ai00021','Snacks, Drinks'),
('cb00592','D02','ai00021','Snacks, Drinks'),
('cb00593','D03','ai00021','Snacks, Drinks'),
('cb00594','D04','ai00021','Snacks, Drinks'),
('cb00595','D05','ai00021','Snacks, Drinks'),
('cb00596','D06','ai00021','Snacks, Drinks'),
('cb00597','D07','ai00021','Snacks, Drinks'),
('cb00598','D08','ai00021','Snacks, Drinks'),
('cb00599','D09','ai00021','Snacks, Drinks'),
('cb00600','D10','ai00021','Snacks, Drinks'),
('cb00601','B01','ai00022','Snacks, Drinks'),
('cb00602','B02','ai00022','Snacks, Drinks'),
('cb00603','B03','ai00022','Snacks, Drinks'),
('cb00604','B04','ai00022','Snacks, Drinks'),
('cb00605','B05','ai00022','Snacks, Drinks'),
('cb00606','B06','ai00022','Snacks, Drinks'),
('cb00607','B07','ai00022','Snacks, Drinks'),
('cb00608','B08','ai00022','Snacks, Drinks'),
('cb00609','B09','ai00022','Snacks, Drinks'),
('cb00610','B10','ai00022','Snacks, Drinks'),
('cb00611','C01','ai00022','Snacks, Drinks'),
('cb00612','C02','ai00022','Snacks, Drinks'),
('cb00613','C03','ai00022','Snacks, Drinks'),
('cb00614','C04','ai00022','Snacks, Drinks'),
('cb00615','C05','ai00022','Snacks, Drinks'),
('cb00616','C06','ai00022','Snacks, Drinks'),
('cb00617','C07','ai00022','Snacks, Drinks'),
('cb00618','C08','ai00022','Snacks, Drinks'),
('cb00619','C09','ai00022','Snacks, Drinks'),
('cb00620','C10','ai00022','Snacks, Drinks'),
('cb00621','D01','ai00022','Snacks, Drinks'),
('cb00622','D02','ai00022','Snacks, Drinks'),
('cb00623','D03','ai00022','Snacks, Drinks'),
('cb00624','D04','ai00022','Snacks, Drinks'),
('cb00625','D05','ai00022','Snacks, Drinks'),
('cb00626','D06','ai00022','Snacks, Drinks'),
('cb00627','D07','ai00022','Snacks, Drinks'),
('cb00628','D08','ai00022','Snacks, Drinks'),
('cb00629','D09','ai00022','Snacks, Drinks'),
('cb00630','D10','ai00022','Snacks, Drinks'),
('cb00631','B01','ai00023','Snacks, Drinks'),
('cb00632','B02','ai00023','Snacks, Drinks'),
('cb00633','B03','ai00023','Snacks, Drinks'),
('cb00634','B04','ai00023','Snacks, Drinks'),
('cb00635','B05','ai00023','Snacks, Drinks'),
('cb00636','B06','ai00023','Snacks, Drinks'),
('cb00637','B07','ai00023','Snacks, Drinks'),
('cb00638','B08','ai00023','Snacks, Drinks'),
('cb00639','B09','ai00023','Snacks, Drinks'),
('cb00640','B10','ai00023','Snacks, Drinks'),
('cb00641','C01','ai00023','Snacks, Drinks'),
('cb00642','C02','ai00023','Snacks, Drinks'),
('cb00643','C03','ai00023','Snacks, Drinks'),
('cb00644','C04','ai00023','Snacks, Drinks'),
('cb00645','C05','ai00023','Snacks, Drinks'),
('cb00646','C06','ai00023','Snacks, Drinks'),
('cb00647','C07','ai00023','Snacks, Drinks'),
('cb00648','C08','ai00023','Snacks, Drinks'),
('cb00649','C09','ai00023','Snacks, Drinks'),
('cb00650','C10','ai00023','Snacks, Drinks'),
('cb00651','D01','ai00023','Snacks, Drinks'),
('cb00652','D02','ai00023','Snacks, Drinks'),
('cb00653','D03','ai00023','Snacks, Drinks'),
('cb00654','D04','ai00023','Snacks, Drinks'),
('cb00655','D05','ai00023','Snacks, Drinks'),
('cb00656','D06','ai00023','Snacks, Drinks'),
('cb00657','D07','ai00023','Snacks, Drinks'),
('cb00658','D08','ai00023','Snacks, Drinks'),
('cb00659','D09','ai00023','Snacks, Drinks'),
('cb00660','D10','ai00023','Snacks, Drinks'),
('cb00661','B01','ai00024','Snacks, Drinks'),
('cb00662','B02','ai00024','Snacks, Drinks'),
('cb00663','B03','ai00024','Snacks, Drinks'),
('cb00664','B04','ai00024','Snacks, Drinks'),
('cb00665','B05','ai00024','Snacks, Drinks'),
('cb00666','B06','ai00024','Snacks, Drinks'),
('cb00667','B07','ai00024','Snacks, Drinks'),
('cb00668','B08','ai00024','Snacks, Drinks'),
('cb00669','B09','ai00024','Snacks, Drinks'),
('cb00670','B10','ai00024','Snacks, Drinks'),
('cb00671','C01','ai00024','Snacks, Drinks'),
('cb00672','C02','ai00024','Snacks, Drinks'),
('cb00673','C03','ai00024','Snacks, Drinks'),
('cb00674','C04','ai00024','Snacks, Drinks'),
('cb00675','C05','ai00024','Snacks, Drinks'),
('cb00676','C06','ai00024','Snacks, Drinks'),
('cb00677','C07','ai00024','Snacks, Drinks'),
('cb00678','C08','ai00024','Snacks, Drinks'),
('cb00679','C09','ai00024','Snacks, Drinks'),
('cb00680','C10','ai00024','Snacks, Drinks'),
('cb00681','D01','ai00024','Snacks, Drinks'),
('cb00682','D02','ai00024','Snacks, Drinks'),
('cb00683','D03','ai00024','Snacks, Drinks'),
('cb00684','D04','ai00024','Snacks, Drinks'),
('cb00685','D05','ai00024','Snacks, Drinks'),
('cb00686','D06','ai00024','Snacks, Drinks'),
('cb00687','D07','ai00024','Snacks, Drinks'),
('cb00688','D08','ai00024','Snacks, Drinks'),
('cb00689','D09','ai00024','Snacks, Drinks'),
('cb00690','D10','ai00024','Snacks, Drinks'),
('cb00691','B01','ai00025','Snacks, Drinks'),
('cb00692','B02','ai00025','Snacks, Drinks'),
('cb00693','B03','ai00025','Snacks, Drinks'),
('cb00694','B04','ai00025','Snacks, Drinks'),
('cb00695','B05','ai00025','Snacks, Drinks'),
('cb00696','B06','ai00025','Snacks, Drinks'),
('cb00697','B07','ai00025','Snacks, Drinks'),
('cb00698','B08','ai00025','Snacks, Drinks'),
('cb00699','B09','ai00025','Snacks, Drinks'),
('cb00700','B10','ai00025','Snacks, Drinks'),
('cb00701','C01','ai00025','Snacks, Drinks'),
('cb00702','C02','ai00025','Snacks, Drinks'),
('cb00703','C03','ai00025','Snacks, Drinks'),
('cb00704','C04','ai00025','Snacks, Drinks'),
('cb00705','C05','ai00025','Snacks, Drinks'),
('cb00706','C06','ai00025','Snacks, Drinks'),
('cb00707','C07','ai00025','Snacks, Drinks'),
('cb00708','C08','ai00025','Snacks, Drinks'),
('cb00709','C09','ai00025','Snacks, Drinks'),
('cb00710','C10','ai00025','Snacks, Drinks'),
('cb00711','D01','ai00025','Snacks, Drinks'),
('cb00712','D02','ai00025','Snacks, Drinks'),
('cb00713','D03','ai00025','Snacks, Drinks'),
('cb00714','D04','ai00025','Snacks, Drinks'),
('cb00715','D05','ai00025','Snacks, Drinks'),
('cb00716','D06','ai00025','Snacks, Drinks'),
('cb00717','D07','ai00025','Snacks, Drinks'),
('cb00718','D08','ai00025','Snacks, Drinks'),
('cb00719','D09','ai00025','Snacks, Drinks'),
('cb00720','D10','ai00025','Snacks, Drinks'),
('cb00721','B01','ai00026','Snacks, Drinks'),
('cb00722','B02','ai00026','Snacks, Drinks'),
('cb00723','B03','ai00026','Snacks, Drinks'),
('cb00724','B04','ai00026','Snacks, Drinks'),
('cb00725','B05','ai00026','Snacks, Drinks'),
('cb00726','B06','ai00026','Snacks, Drinks'),
('cb00727','B07','ai00026','Snacks, Drinks'),
('cb00728','B08','ai00026','Snacks, Drinks'),
('cb00729','B09','ai00026','Snacks, Drinks'),
('cb00730','B10','ai00026','Snacks, Drinks'),
('cb00731','C01','ai00026','Snacks, Drinks'),
('cb00732','C02','ai00026','Snacks, Drinks'),
('cb00733','C03','ai00026','Snacks, Drinks'),
('cb00734','C04','ai00026','Snacks, Drinks'),
('cb00735','C05','ai00026','Snacks, Drinks'),
('cb00736','C06','ai00026','Snacks, Drinks'),
('cb00737','C07','ai00026','Snacks, Drinks'),
('cb00738','C08','ai00026','Snacks, Drinks'),
('cb00739','C09','ai00026','Snacks, Drinks'),
('cb00740','C10','ai00026','Snacks, Drinks'),
('cb00741','D01','ai00026','Snacks, Drinks'),
('cb00742','D02','ai00026','Snacks, Drinks'),
('cb00743','D03','ai00026','Snacks, Drinks'),
('cb00744','D04','ai00026','Snacks, Drinks'),
('cb00745','D05','ai00026','Snacks, Drinks'),
('cb00746','D06','ai00026','Snacks, Drinks'),
('cb00747','D07','ai00026','Snacks, Drinks'),
('cb00748','D08','ai00026','Snacks, Drinks'),
('cb00749','D09','ai00026','Snacks, Drinks'),
('cb00750','D10','ai00026','Snacks, Drinks'),
('cb00751','B01','ai00027','Snacks, Drinks'),
('cb00752','B02','ai00027','Snacks, Drinks'),
('cb00753','B03','ai00027','Snacks, Drinks'),
('cb00754','B04','ai00027','Snacks, Drinks'),
('cb00755','B05','ai00027','Snacks, Drinks'),
('cb00756','B06','ai00027','Snacks, Drinks'),
('cb00757','B07','ai00027','Snacks, Drinks'),
('cb00758','B08','ai00027','Snacks, Drinks'),
('cb00759','B09','ai00027','Snacks, Drinks'),
('cb00760','B10','ai00027','Snacks, Drinks'),
('cb00761','C01','ai00027','Snacks, Drinks'),
('cb00762','C02','ai00027','Snacks, Drinks'),
('cb00763','C03','ai00027','Snacks, Drinks'),
('cb00764','C04','ai00027','Snacks, Drinks'),
('cb00765','C05','ai00027','Snacks, Drinks'),
('cb00766','C06','ai00027','Snacks, Drinks'),
('cb00767','C07','ai00027','Snacks, Drinks'),
('cb00768','C08','ai00027','Snacks, Drinks'),
('cb00769','C09','ai00027','Snacks, Drinks'),
('cb00770','C10','ai00027','Snacks, Drinks'),
('cb00771','D01','ai00027','Snacks, Drinks'),
('cb00772','D02','ai00027','Snacks, Drinks'),
('cb00773','D03','ai00027','Snacks, Drinks'),
('cb00774','D04','ai00027','Snacks, Drinks'),
('cb00775','D05','ai00027','Snacks, Drinks'),
('cb00776','D06','ai00027','Snacks, Drinks'),
('cb00777','D07','ai00027','Snacks, Drinks'),
('cb00778','D08','ai00027','Snacks, Drinks'),
('cb00779','D09','ai00027','Snacks, Drinks'),
('cb00780','D10','ai00027','Snacks, Drinks'),
('cb00781','B01','ai00028','Snacks, Drinks'),
('cb00782','B02','ai00028','Snacks, Drinks'),
('cb00783','B03','ai00028','Snacks, Drinks'),
('cb00784','B04','ai00028','Snacks, Drinks'),
('cb00785','B05','ai00028','Snacks, Drinks'),
('cb00786','B06','ai00028','Snacks, Drinks'),
('cb00787','B07','ai00028','Snacks, Drinks'),
('cb00788','B08','ai00028','Snacks, Drinks'),
('cb00789','B09','ai00028','Snacks, Drinks'),
('cb00790','B10','ai00028','Snacks, Drinks'),
('cb00791','C01','ai00028','Snacks, Drinks'),
('cb00792','C02','ai00028','Snacks, Drinks'),
('cb00793','C03','ai00028','Snacks, Drinks'),
('cb00794','C04','ai00028','Snacks, Drinks'),
('cb00795','C05','ai00028','Snacks, Drinks'),
('cb00796','C06','ai00028','Snacks, Drinks'),
('cb00797','C07','ai00028','Snacks, Drinks'),
('cb00798','C08','ai00028','Snacks, Drinks'),
('cb00799','C09','ai00028','Snacks, Drinks'),
('cb00800','C10','ai00028','Snacks, Drinks'),
('cb00801','D01','ai00028','Snacks, Drinks'),
('cb00802','D02','ai00028','Snacks, Drinks'),
('cb00803','D03','ai00028','Snacks, Drinks'),
('cb00804','D04','ai00028','Snacks, Drinks'),
('cb00805','D05','ai00028','Snacks, Drinks'),
('cb00806','D06','ai00028','Snacks, Drinks'),
('cb00807','D07','ai00028','Snacks, Drinks'),
('cb00808','D08','ai00028','Snacks, Drinks'),
('cb00809','D09','ai00028','Snacks, Drinks'),
('cb00810','D10','ai00028','Snacks, Drinks'),
('cb00811','B01','ai00029','Snacks, Drinks'),
('cb00812','B02','ai00029','Snacks, Drinks'),
('cb00813','B03','ai00029','Snacks, Drinks'),
('cb00814','B04','ai00029','Snacks, Drinks'),
('cb00815','B05','ai00029','Snacks, Drinks'),
('cb00816','B06','ai00029','Snacks, Drinks'),
('cb00817','B07','ai00029','Snacks, Drinks'),
('cb00818','B08','ai00029','Snacks, Drinks'),
('cb00819','B09','ai00029','Snacks, Drinks'),
('cb00820','B10','ai00029','Snacks, Drinks'),
('cb00821','C01','ai00029','Snacks, Drinks'),
('cb00822','C02','ai00029','Snacks, Drinks'),
('cb00823','C03','ai00029','Snacks, Drinks'),
('cb00824','C04','ai00029','Snacks, Drinks'),
('cb00825','C05','ai00029','Snacks, Drinks'),
('cb00826','C06','ai00029','Snacks, Drinks'),
('cb00827','C07','ai00029','Snacks, Drinks'),
('cb00828','C08','ai00029','Snacks, Drinks'),
('cb00829','C09','ai00029','Snacks, Drinks'),
('cb00830','C10','ai00029','Snacks, Drinks'),
('cb00831','D01','ai00029','Snacks, Drinks'),
('cb00832','D02','ai00029','Snacks, Drinks'),
('cb00833','D03','ai00029','Snacks, Drinks'),
('cb00834','D04','ai00029','Snacks, Drinks'),
('cb00835','D05','ai00029','Snacks, Drinks'),
('cb00836','D06','ai00029','Snacks, Drinks'),
('cb00837','D07','ai00029','Snacks, Drinks'),
('cb00838','D08','ai00029','Snacks, Drinks'),
('cb00839','D09','ai00029','Snacks, Drinks'),
('cb00840','D10','ai00029','Snacks, Drinks'),
('cb00841','B01','ai00030','Snacks, Drinks'),
('cb00842','B02','ai00030','Snacks, Drinks'),
('cb00843','B03','ai00030','Snacks, Drinks'),
('cb00844','B04','ai00030','Snacks, Drinks'),
('cb00845','B05','ai00030','Snacks, Drinks'),
('cb00846','B06','ai00030','Snacks, Drinks'),
('cb00847','B07','ai00030','Snacks, Drinks'),
('cb00848','B08','ai00030','Snacks, Drinks'),
('cb00849','B09','ai00030','Snacks, Drinks'),
('cb00850','B10','ai00030','Snacks, Drinks'),
('cb00851','C01','ai00030','Snacks, Drinks'),
('cb00852','C02','ai00030','Snacks, Drinks'),
('cb00853','C03','ai00030','Snacks, Drinks'),
('cb00854','C04','ai00030','Snacks, Drinks'),
('cb00855','C05','ai00030','Snacks, Drinks'),
('cb00856','C06','ai00030','Snacks, Drinks'),
('cb00857','C07','ai00030','Snacks, Drinks'),
('cb00858','C08','ai00030','Snacks, Drinks'),
('cb00859','C09','ai00030','Snacks, Drinks'),
('cb00860','C10','ai00030','Snacks, Drinks'),
('cb00861','D01','ai00030','Snacks, Drinks'),
('cb00862','D02','ai00030','Snacks, Drinks'),
('cb00863','D03','ai00030','Snacks, Drinks'),
('cb00864','D04','ai00030','Snacks, Drinks'),
('cb00865','D05','ai00030','Snacks, Drinks'),
('cb00866','D06','ai00030','Snacks, Drinks'),
('cb00867','D07','ai00030','Snacks, Drinks'),
('cb00868','D08','ai00030','Snacks, Drinks'),
('cb00869','D09','ai00030','Snacks, Drinks'),
('cb00870','D10','ai00030','Snacks, Drinks'),
('cb00871','B01','ai00031','Snacks, Drinks'),
('cb00872','B02','ai00031','Snacks, Drinks'),
('cb00873','B03','ai00031','Snacks, Drinks'),
('cb00874','B04','ai00031','Snacks, Drinks'),
('cb00875','B05','ai00031','Snacks, Drinks'),
('cb00876','B06','ai00031','Snacks, Drinks'),
('cb00877','B07','ai00031','Snacks, Drinks'),
('cb00878','B08','ai00031','Snacks, Drinks'),
('cb00879','B09','ai00031','Snacks, Drinks'),
('cb00880','B10','ai00031','Snacks, Drinks'),
('cb00881','C01','ai00031','Snacks, Drinks'),
('cb00882','C02','ai00031','Snacks, Drinks'),
('cb00883','C03','ai00031','Snacks, Drinks'),
('cb00884','C04','ai00031','Snacks, Drinks'),
('cb00885','C05','ai00031','Snacks, Drinks'),
('cb00886','C06','ai00031','Snacks, Drinks'),
('cb00887','C07','ai00031','Snacks, Drinks'),
('cb00888','C08','ai00031','Snacks, Drinks'),
('cb00889','C09','ai00031','Snacks, Drinks'),
('cb00890','C10','ai00031','Snacks, Drinks'),
('cb00891','D01','ai00031','Snacks, Drinks'),
('cb00892','D02','ai00031','Snacks, Drinks'),
('cb00893','D03','ai00031','Snacks, Drinks'),
('cb00894','D04','ai00031','Snacks, Drinks'),
('cb00895','D05','ai00031','Snacks, Drinks'),
('cb00896','D06','ai00031','Snacks, Drinks'),
('cb00897','D07','ai00031','Snacks, Drinks'),
('cb00898','D08','ai00031','Snacks, Drinks'),
('cb00899','D09','ai00031','Snacks, Drinks'),
('cb00900','D10','ai00031','Snacks, Drinks'),
('cb00901','B01','ai00032','Snacks, Drinks'),
('cb00902','B02','ai00032','Snacks, Drinks'),
('cb00903','B03','ai00032','Snacks, Drinks'),
('cb00904','B04','ai00032','Snacks, Drinks'),
('cb00905','B05','ai00032','Snacks, Drinks'),
('cb00906','B06','ai00032','Snacks, Drinks'),
('cb00907','B07','ai00032','Snacks, Drinks'),
('cb00908','B08','ai00032','Snacks, Drinks'),
('cb00909','B09','ai00032','Snacks, Drinks'),
('cb00910','B10','ai00032','Snacks, Drinks'),
('cb00911','C01','ai00032','Snacks, Drinks'),
('cb00912','C02','ai00032','Snacks, Drinks'),
('cb00913','C03','ai00032','Snacks, Drinks'),
('cb00914','C04','ai00032','Snacks, Drinks'),
('cb00915','C05','ai00032','Snacks, Drinks'),
('cb00916','C06','ai00032','Snacks, Drinks'),
('cb00917','C07','ai00032','Snacks, Drinks'),
('cb00918','C08','ai00032','Snacks, Drinks'),
('cb00919','C09','ai00032','Snacks, Drinks'),
('cb00920','C10','ai00032','Snacks, Drinks'),
('cb00921','D01','ai00032','Snacks, Drinks'),
('cb00922','D02','ai00032','Snacks, Drinks'),
('cb00923','D03','ai00032','Snacks, Drinks'),
('cb00924','D04','ai00032','Snacks, Drinks'),
('cb00925','D05','ai00032','Snacks, Drinks'),
('cb00926','D06','ai00032','Snacks, Drinks'),
('cb00927','D07','ai00032','Snacks, Drinks'),
('cb00928','D08','ai00032','Snacks, Drinks'),
('cb00929','D09','ai00032','Snacks, Drinks'),
('cb00930','D10','ai00032','Snacks, Drinks'),
('cb00931','B01','ai00033','Snacks, Drinks'),
('cb00932','B02','ai00033','Snacks, Drinks'),
('cb00933','B03','ai00033','Snacks, Drinks'),
('cb00934','B04','ai00033','Snacks, Drinks'),
('cb00935','B05','ai00033','Snacks, Drinks'),
('cb00936','B06','ai00033','Snacks, Drinks'),
('cb00937','B07','ai00033','Snacks, Drinks'),
('cb00938','B08','ai00033','Snacks, Drinks'),
('cb00939','B09','ai00033','Snacks, Drinks'),
('cb00940','B10','ai00033','Snacks, Drinks'),
('cb00941','C01','ai00033','Snacks, Drinks'),
('cb00942','C02','ai00033','Snacks, Drinks'),
('cb00943','C03','ai00033','Snacks, Drinks'),
('cb00944','C04','ai00033','Snacks, Drinks'),
('cb00945','C05','ai00033','Snacks, Drinks'),
('cb00946','C06','ai00033','Snacks, Drinks'),
('cb00947','C07','ai00033','Snacks, Drinks'),
('cb00948','C08','ai00033','Snacks, Drinks'),
('cb00949','C09','ai00033','Snacks, Drinks'),
('cb00950','C10','ai00033','Snacks, Drinks'),
('cb00951','D01','ai00033','Snacks, Drinks'),
('cb00952','D02','ai00033','Snacks, Drinks'),
('cb00953','D03','ai00033','Snacks, Drinks'),
('cb00954','D04','ai00033','Snacks, Drinks'),
('cb00955','D05','ai00033','Snacks, Drinks'),
('cb00956','D06','ai00033','Snacks, Drinks'),
('cb00957','D07','ai00033','Snacks, Drinks'),
('cb00958','D08','ai00033','Snacks, Drinks'),
('cb00959','D09','ai00033','Snacks, Drinks'),
('cb00960','D10','ai00033','Snacks, Drinks'),
('cb00961','B01','ai00034','Snacks, Drinks'),
('cb00962','B02','ai00034','Snacks, Drinks'),
('cb00963','B03','ai00034','Snacks, Drinks'),
('cb00964','B04','ai00034','Snacks, Drinks'),
('cb00965','B05','ai00034','Snacks, Drinks'),
('cb00966','B06','ai00034','Snacks, Drinks'),
('cb00967','B07','ai00034','Snacks, Drinks'),
('cb00968','B08','ai00034','Snacks, Drinks'),
('cb00969','B09','ai00034','Snacks, Drinks'),
('cb00970','B10','ai00034','Snacks, Drinks'),
('cb00971','C01','ai00034','Snacks, Drinks'),
('cb00972','C02','ai00034','Snacks, Drinks'),
('cb00973','C03','ai00034','Snacks, Drinks'),
('cb00974','C04','ai00034','Snacks, Drinks'),
('cb00975','C05','ai00034','Snacks, Drinks'),
('cb00976','C06','ai00034','Snacks, Drinks'),
('cb00977','C07','ai00034','Snacks, Drinks'),
('cb00978','C08','ai00034','Snacks, Drinks'),
('cb00979','C09','ai00034','Snacks, Drinks'),
('cb00980','C10','ai00034','Snacks, Drinks'),
('cb00981','D01','ai00034','Snacks, Drinks'),
('cb00982','D02','ai00034','Snacks, Drinks'),
('cb00983','D03','ai00034','Snacks, Drinks'),
('cb00984','D04','ai00034','Snacks, Drinks'),
('cb00985','D05','ai00034','Snacks, Drinks'),
('cb00986','D06','ai00034','Snacks, Drinks'),
('cb00987','D07','ai00034','Snacks, Drinks'),
('cb00988','D08','ai00034','Snacks, Drinks'),
('cb00989','D09','ai00034','Snacks, Drinks'),
('cb00990','D10','ai00034','Snacks, Drinks'),
('cb00991','B01','ai00035','Snacks, Drinks'),
('cb00992','B02','ai00035','Snacks, Drinks'),
('cb00993','B03','ai00035','Snacks, Drinks'),
('cb00994','B04','ai00035','Snacks, Drinks'),
('cb00995','B05','ai00035','Snacks, Drinks'),
('cb00996','B06','ai00035','Snacks, Drinks'),
('cb00997','B07','ai00035','Snacks, Drinks'),
('cb00998','B08','ai00035','Snacks, Drinks'),
('cb00999','B09','ai00035','Snacks, Drinks'),
('cb01000','B10','ai00035','Snacks, Drinks'),
('cb01001','C01','ai00035','Snacks, Drinks'),
('cb01002','C02','ai00035','Snacks, Drinks'),
('cb01003','C03','ai00035','Snacks, Drinks'),
('cb01004','C04','ai00035','Snacks, Drinks'),
('cb01005','C05','ai00035','Snacks, Drinks'),
('cb01006','C06','ai00035','Snacks, Drinks'),
('cb01007','C07','ai00035','Snacks, Drinks'),
('cb01008','C08','ai00035','Snacks, Drinks'),
('cb01009','C09','ai00035','Snacks, Drinks'),
('cb01010','C10','ai00035','Snacks, Drinks'),
('cb01011','D01','ai00035','Snacks, Drinks'),
('cb01012','D02','ai00035','Snacks, Drinks'),
('cb01013','D03','ai00035','Snacks, Drinks'),
('cb01014','D04','ai00035','Snacks, Drinks'),
('cb01015','D05','ai00035','Snacks, Drinks'),
('cb01016','D06','ai00035','Snacks, Drinks'),
('cb01017','D07','ai00035','Snacks, Drinks'),
('cb01018','D08','ai00035','Snacks, Drinks'),
('cb01019','D09','ai00035','Snacks, Drinks'),
('cb01020','D10','ai00035','Snacks, Drinks'),
('cb01021','B01','ai00036','Snacks, Drinks'),
('cb01022','B02','ai00036','Snacks, Drinks'),
('cb01023','B03','ai00036','Snacks, Drinks'),
('cb01024','B04','ai00036','Snacks, Drinks'),
('cb01025','B05','ai00036','Snacks, Drinks'),
('cb01026','B06','ai00036','Snacks, Drinks'),
('cb01027','B07','ai00036','Snacks, Drinks'),
('cb01028','B08','ai00036','Snacks, Drinks'),
('cb01029','B09','ai00036','Snacks, Drinks'),
('cb01030','B10','ai00036','Snacks, Drinks'),
('cb01031','C01','ai00036','Snacks, Drinks'),
('cb01032','C02','ai00036','Snacks, Drinks'),
('cb01033','C03','ai00036','Snacks, Drinks'),
('cb01034','C04','ai00036','Snacks, Drinks'),
('cb01035','C05','ai00036','Snacks, Drinks'),
('cb01036','C06','ai00036','Snacks, Drinks'),
('cb01037','C07','ai00036','Snacks, Drinks'),
('cb01038','C08','ai00036','Snacks, Drinks'),
('cb01039','C09','ai00036','Snacks, Drinks'),
('cb01040','C10','ai00036','Snacks, Drinks'),
('cb01041','D01','ai00036','Snacks, Drinks'),
('cb01042','D02','ai00036','Snacks, Drinks'),
('cb01043','D03','ai00036','Snacks, Drinks'),
('cb01044','D04','ai00036','Snacks, Drinks'),
('cb01045','D05','ai00036','Snacks, Drinks'),
('cb01046','D06','ai00036','Snacks, Drinks'),
('cb01047','D07','ai00036','Snacks, Drinks'),
('cb01048','D08','ai00036','Snacks, Drinks'),
('cb01049','D09','ai00036','Snacks, Drinks'),
('cb01050','D10','ai00036','Snacks, Drinks'),
('cb01051','B01','ai00037','Snacks, Drinks'),
('cb01052','B02','ai00037','Snacks, Drinks'),
('cb01053','B03','ai00037','Snacks, Drinks'),
('cb01054','B04','ai00037','Snacks, Drinks'),
('cb01055','B05','ai00037','Snacks, Drinks'),
('cb01056','B06','ai00037','Snacks, Drinks'),
('cb01057','B07','ai00037','Snacks, Drinks'),
('cb01058','B08','ai00037','Snacks, Drinks'),
('cb01059','B09','ai00037','Snacks, Drinks'),
('cb01060','B10','ai00037','Snacks, Drinks'),
('cb01061','C01','ai00037','Snacks, Drinks'),
('cb01062','C02','ai00037','Snacks, Drinks'),
('cb01063','C03','ai00037','Snacks, Drinks'),
('cb01064','C04','ai00037','Snacks, Drinks'),
('cb01065','C05','ai00037','Snacks, Drinks'),
('cb01066','C06','ai00037','Snacks, Drinks'),
('cb01067','C07','ai00037','Snacks, Drinks'),
('cb01068','C08','ai00037','Snacks, Drinks'),
('cb01069','C09','ai00037','Snacks, Drinks'),
('cb01070','C10','ai00037','Snacks, Drinks'),
('cb01071','D01','ai00037','Snacks, Drinks'),
('cb01072','D02','ai00037','Snacks, Drinks'),
('cb01073','D03','ai00037','Snacks, Drinks'),
('cb01074','D04','ai00037','Snacks, Drinks'),
('cb01075','D05','ai00037','Snacks, Drinks'),
('cb01076','D06','ai00037','Snacks, Drinks'),
('cb01077','D07','ai00037','Snacks, Drinks'),
('cb01078','D08','ai00037','Snacks, Drinks'),
('cb01079','D09','ai00037','Snacks, Drinks'),
('cb01080','D10','ai00037','Snacks, Drinks'),
('cb01081','B01','ai00038','Snacks, Drinks'),
('cb01082','B02','ai00038','Snacks, Drinks'),
('cb01083','B03','ai00038','Snacks, Drinks'),
('cb01084','B04','ai00038','Snacks, Drinks'),
('cb01085','B05','ai00038','Snacks, Drinks'),
('cb01086','B06','ai00038','Snacks, Drinks'),
('cb01087','B07','ai00038','Snacks, Drinks'),
('cb01088','B08','ai00038','Snacks, Drinks'),
('cb01089','B09','ai00038','Snacks, Drinks'),
('cb01090','B10','ai00038','Snacks, Drinks'),
('cb01091','C01','ai00038','Snacks, Drinks'),
('cb01092','C02','ai00038','Snacks, Drinks'),
('cb01093','C03','ai00038','Snacks, Drinks'),
('cb01094','C04','ai00038','Snacks, Drinks'),
('cb01095','C05','ai00038','Snacks, Drinks'),
('cb01096','C06','ai00038','Snacks, Drinks'),
('cb01097','C07','ai00038','Snacks, Drinks'),
('cb01098','C08','ai00038','Snacks, Drinks'),
('cb01099','C09','ai00038','Snacks, Drinks'),
('cb01100','C10','ai00038','Snacks, Drinks'),
('cb01101','D01','ai00038','Snacks, Drinks'),
('cb01102','D02','ai00038','Snacks, Drinks'),
('cb01103','D03','ai00038','Snacks, Drinks'),
('cb01104','D04','ai00038','Snacks, Drinks'),
('cb01105','D05','ai00038','Snacks, Drinks'),
('cb01106','D06','ai00038','Snacks, Drinks'),
('cb01107','D07','ai00038','Snacks, Drinks'),
('cb01108','D08','ai00038','Snacks, Drinks'),
('cb01109','D09','ai00038','Snacks, Drinks'),
('cb01110','D10','ai00038','Snacks, Drinks'),
('cb01111','B01','ai00039','Snacks, Drinks'),
('cb01112','B02','ai00039','Snacks, Drinks'),
('cb01113','B03','ai00039','Snacks, Drinks'),
('cb01114','B04','ai00039','Snacks, Drinks'),
('cb01115','B05','ai00039','Snacks, Drinks'),
('cb01116','B06','ai00039','Snacks, Drinks'),
('cb01117','B07','ai00039','Snacks, Drinks'),
('cb01118','B08','ai00039','Snacks, Drinks'),
('cb01119','B09','ai00039','Snacks, Drinks'),
('cb01120','B10','ai00039','Snacks, Drinks'),
('cb01121','C01','ai00039','Snacks, Drinks'),
('cb01122','C02','ai00039','Snacks, Drinks'),
('cb01123','C03','ai00039','Snacks, Drinks'),
('cb01124','C04','ai00039','Snacks, Drinks'),
('cb01125','C05','ai00039','Snacks, Drinks'),
('cb01126','C06','ai00039','Snacks, Drinks'),
('cb01127','C07','ai00039','Snacks, Drinks'),
('cb01128','C08','ai00039','Snacks, Drinks'),
('cb01129','C09','ai00039','Snacks, Drinks'),
('cb01130','C10','ai00039','Snacks, Drinks'),
('cb01131','D01','ai00039','Snacks, Drinks'),
('cb01132','D02','ai00039','Snacks, Drinks'),
('cb01133','D03','ai00039','Snacks, Drinks'),
('cb01134','D04','ai00039','Snacks, Drinks'),
('cb01135','D05','ai00039','Snacks, Drinks'),
('cb01136','D06','ai00039','Snacks, Drinks'),
('cb01137','D07','ai00039','Snacks, Drinks'),
('cb01138','D08','ai00039','Snacks, Drinks'),
('cb01139','D09','ai00039','Snacks, Drinks'),
('cb01140','D10','ai00039','Snacks, Drinks'),
('cb01141','B01','ai00040','Snacks, Drinks'),
('cb01142','B02','ai00040','Snacks, Drinks'),
('cb01143','B03','ai00040','Snacks, Drinks'),
('cb01144','B04','ai00040','Snacks, Drinks'),
('cb01145','B05','ai00040','Snacks, Drinks'),
('cb01146','B06','ai00040','Snacks, Drinks'),
('cb01147','B07','ai00040','Snacks, Drinks'),
('cb01148','B08','ai00040','Snacks, Drinks'),
('cb01149','B09','ai00040','Snacks, Drinks'),
('cb01150','B10','ai00040','Snacks, Drinks'),
('cb01151','C01','ai00040','Snacks, Drinks'),
('cb01152','C02','ai00040','Snacks, Drinks'),
('cb01153','C03','ai00040','Snacks, Drinks'),
('cb01154','C04','ai00040','Snacks, Drinks'),
('cb01155','C05','ai00040','Snacks, Drinks'),
('cb01156','C06','ai00040','Snacks, Drinks'),
('cb01157','C07','ai00040','Snacks, Drinks'),
('cb01158','C08','ai00040','Snacks, Drinks'),
('cb01159','C09','ai00040','Snacks, Drinks'),
('cb01160','C10','ai00040','Snacks, Drinks'),
('cb01161','D01','ai00040','Snacks, Drinks'),
('cb01162','D02','ai00040','Snacks, Drinks'),
('cb01163','D03','ai00040','Snacks, Drinks'),
('cb01164','D04','ai00040','Snacks, Drinks'),
('cb01165','D05','ai00040','Snacks, Drinks'),
('cb01166','D06','ai00040','Snacks, Drinks'),
('cb01167','D07','ai00040','Snacks, Drinks'),
('cb01168','D08','ai00040','Snacks, Drinks'),
('cb01169','D09','ai00040','Snacks, Drinks'),
('cb01170','D10','ai00040','Snacks, Drinks'),
('cb01171','B01','ai00041','Snacks, Drinks'),
('cb01172','B02','ai00041','Snacks, Drinks'),
('cb01173','B03','ai00041','Snacks, Drinks'),
('cb01174','B04','ai00041','Snacks, Drinks'),
('cb01175','B05','ai00041','Snacks, Drinks'),
('cb01176','B06','ai00041','Snacks, Drinks'),
('cb01177','B07','ai00041','Snacks, Drinks'),
('cb01178','B08','ai00041','Snacks, Drinks'),
('cb01179','B09','ai00041','Snacks, Drinks'),
('cb01180','B10','ai00041','Snacks, Drinks'),
('cb01181','C01','ai00041','Snacks, Drinks'),
('cb01182','C02','ai00041','Snacks, Drinks'),
('cb01183','C03','ai00041','Snacks, Drinks'),
('cb01184','C04','ai00041','Snacks, Drinks'),
('cb01185','C05','ai00041','Snacks, Drinks'),
('cb01186','C06','ai00041','Snacks, Drinks'),
('cb01187','C07','ai00041','Snacks, Drinks'),
('cb01188','C08','ai00041','Snacks, Drinks'),
('cb01189','C09','ai00041','Snacks, Drinks'),
('cb01190','C10','ai00041','Snacks, Drinks'),
('cb01191','D01','ai00041','Snacks, Drinks'),
('cb01192','D02','ai00041','Snacks, Drinks'),
('cb01193','D03','ai00041','Snacks, Drinks'),
('cb01194','D04','ai00041','Snacks, Drinks'),
('cb01195','D05','ai00041','Snacks, Drinks'),
('cb01196','D06','ai00041','Snacks, Drinks'),
('cb01197','D07','ai00041','Snacks, Drinks'),
('cb01198','D08','ai00041','Snacks, Drinks'),
('cb01199','D09','ai00041','Snacks, Drinks'),
('cb01200','D10','ai00041','Snacks, Drinks'),
('cb01201','B01','ai00042','Snacks, Drinks'),
('cb01202','B02','ai00042','Snacks, Drinks'),
('cb01203','B03','ai00042','Snacks, Drinks'),
('cb01204','B04','ai00042','Snacks, Drinks'),
('cb01205','B05','ai00042','Snacks, Drinks'),
('cb01206','B06','ai00042','Snacks, Drinks'),
('cb01207','B07','ai00042','Snacks, Drinks'),
('cb01208','B08','ai00042','Snacks, Drinks'),
('cb01209','B09','ai00042','Snacks, Drinks'),
('cb01210','B10','ai00042','Snacks, Drinks'),
('cb01211','C01','ai00042','Snacks, Drinks'),
('cb01212','C02','ai00042','Snacks, Drinks'),
('cb01213','C03','ai00042','Snacks, Drinks'),
('cb01214','C04','ai00042','Snacks, Drinks'),
('cb01215','C05','ai00042','Snacks, Drinks'),
('cb01216','C06','ai00042','Snacks, Drinks'),
('cb01217','C07','ai00042','Snacks, Drinks'),
('cb01218','C08','ai00042','Snacks, Drinks'),
('cb01219','C09','ai00042','Snacks, Drinks'),
('cb01220','C10','ai00042','Snacks, Drinks'),
('cb01221','D01','ai00042','Snacks, Drinks'),
('cb01222','D02','ai00042','Snacks, Drinks'),
('cb01223','D03','ai00042','Snacks, Drinks'),
('cb01224','D04','ai00042','Snacks, Drinks'),
('cb01225','D05','ai00042','Snacks, Drinks'),
('cb01226','D06','ai00042','Snacks, Drinks'),
('cb01227','D07','ai00042','Snacks, Drinks'),
('cb01228','D08','ai00042','Snacks, Drinks'),
('cb01229','D09','ai00042','Snacks, Drinks'),
('cb01230','D10','ai00042','Snacks, Drinks'),
('cb01231','B01','ai00043','Snacks, Drinks'),
('cb01232','B02','ai00043','Snacks, Drinks'),
('cb01233','B03','ai00043','Snacks, Drinks'),
('cb01234','B04','ai00043','Snacks, Drinks'),
('cb01235','B05','ai00043','Snacks, Drinks'),
('cb01236','B06','ai00043','Snacks, Drinks'),
('cb01237','B07','ai00043','Snacks, Drinks'),
('cb01238','B08','ai00043','Snacks, Drinks'),
('cb01239','B09','ai00043','Snacks, Drinks'),
('cb01240','B10','ai00043','Snacks, Drinks'),
('cb01241','C01','ai00043','Snacks, Drinks'),
('cb01242','C02','ai00043','Snacks, Drinks'),
('cb01243','C03','ai00043','Snacks, Drinks'),
('cb01244','C04','ai00043','Snacks, Drinks'),
('cb01245','C05','ai00043','Snacks, Drinks'),
('cb01246','C06','ai00043','Snacks, Drinks'),
('cb01247','C07','ai00043','Snacks, Drinks'),
('cb01248','C08','ai00043','Snacks, Drinks'),
('cb01249','C09','ai00043','Snacks, Drinks'),
('cb01250','C10','ai00043','Snacks, Drinks'),
('cb01251','D01','ai00043','Snacks, Drinks'),
('cb01252','D02','ai00043','Snacks, Drinks'),
('cb01253','D03','ai00043','Snacks, Drinks'),
('cb01254','D04','ai00043','Snacks, Drinks'),
('cb01255','D05','ai00043','Snacks, Drinks'),
('cb01256','D06','ai00043','Snacks, Drinks'),
('cb01257','D07','ai00043','Snacks, Drinks'),
('cb01258','D08','ai00043','Snacks, Drinks'),
('cb01259','D09','ai00043','Snacks, Drinks'),
('cb01260','D10','ai00043','Snacks, Drinks'),
('cb01261','B01','ai00044','Snacks, Drinks'),
('cb01262','B02','ai00044','Snacks, Drinks'),
('cb01263','B03','ai00044','Snacks, Drinks'),
('cb01264','B04','ai00044','Snacks, Drinks'),
('cb01265','B05','ai00044','Snacks, Drinks'),
('cb01266','B06','ai00044','Snacks, Drinks'),
('cb01267','B07','ai00044','Snacks, Drinks'),
('cb01268','B08','ai00044','Snacks, Drinks'),
('cb01269','B09','ai00044','Snacks, Drinks'),
('cb01270','B10','ai00044','Snacks, Drinks'),
('cb01271','C01','ai00044','Snacks, Drinks'),
('cb01272','C02','ai00044','Snacks, Drinks'),
('cb01273','C03','ai00044','Snacks, Drinks'),
('cb01274','C04','ai00044','Snacks, Drinks'),
('cb01275','C05','ai00044','Snacks, Drinks'),
('cb01276','C06','ai00044','Snacks, Drinks'),
('cb01277','C07','ai00044','Snacks, Drinks'),
('cb01278','C08','ai00044','Snacks, Drinks'),
('cb01279','C09','ai00044','Snacks, Drinks'),
('cb01280','C10','ai00044','Snacks, Drinks'),
('cb01281','D01','ai00044','Snacks, Drinks'),
('cb01282','D02','ai00044','Snacks, Drinks'),
('cb01283','D03','ai00044','Snacks, Drinks'),
('cb01284','D04','ai00044','Snacks, Drinks'),
('cb01285','D05','ai00044','Snacks, Drinks'),
('cb01286','D06','ai00044','Snacks, Drinks'),
('cb01287','D07','ai00044','Snacks, Drinks'),
('cb01288','D08','ai00044','Snacks, Drinks'),
('cb01289','D09','ai00044','Snacks, Drinks'),
('cb01290','D10','ai00044','Snacks, Drinks'),
('cb01291','B01','ai00045','Snacks, Drinks'),
('cb01292','B02','ai00045','Snacks, Drinks'),
('cb01293','B03','ai00045','Snacks, Drinks'),
('cb01294','B04','ai00045','Snacks, Drinks'),
('cb01295','B05','ai00045','Snacks, Drinks'),
('cb01296','B06','ai00045','Snacks, Drinks'),
('cb01297','B07','ai00045','Snacks, Drinks'),
('cb01298','B08','ai00045','Snacks, Drinks'),
('cb01299','B09','ai00045','Snacks, Drinks'),
('cb01300','B10','ai00045','Snacks, Drinks'),
('cb01301','C01','ai00045','Snacks, Drinks'),
('cb01302','C02','ai00045','Snacks, Drinks'),
('cb01303','C03','ai00045','Snacks, Drinks'),
('cb01304','C04','ai00045','Snacks, Drinks'),
('cb01305','C05','ai00045','Snacks, Drinks'),
('cb01306','C06','ai00045','Snacks, Drinks'),
('cb01307','C07','ai00045','Snacks, Drinks'),
('cb01308','C08','ai00045','Snacks, Drinks'),
('cb01309','C09','ai00045','Snacks, Drinks'),
('cb01310','C10','ai00045','Snacks, Drinks'),
('cb01311','D01','ai00045','Snacks, Drinks'),
('cb01312','D02','ai00045','Snacks, Drinks'),
('cb01313','D03','ai00045','Snacks, Drinks'),
('cb01314','D04','ai00045','Snacks, Drinks'),
('cb01315','D05','ai00045','Snacks, Drinks'),
('cb01316','D06','ai00045','Snacks, Drinks'),
('cb01317','D07','ai00045','Snacks, Drinks'),
('cb01318','D08','ai00045','Snacks, Drinks'),
('cb01319','D09','ai00045','Snacks, Drinks'),
('cb01320','D10','ai00045','Snacks, Drinks'),
('cb01321','B01','ai00046','Snacks, Drinks'),
('cb01322','B02','ai00046','Snacks, Drinks'),
('cb01323','B03','ai00046','Snacks, Drinks'),
('cb01324','B04','ai00046','Snacks, Drinks'),
('cb01325','B05','ai00046','Snacks, Drinks'),
('cb01326','B06','ai00046','Snacks, Drinks'),
('cb01327','B07','ai00046','Snacks, Drinks'),
('cb01328','B08','ai00046','Snacks, Drinks'),
('cb01329','B09','ai00046','Snacks, Drinks'),
('cb01330','B10','ai00046','Snacks, Drinks'),
('cb01331','C01','ai00046','Snacks, Drinks'),
('cb01332','C02','ai00046','Snacks, Drinks'),
('cb01333','C03','ai00046','Snacks, Drinks'),
('cb01334','C04','ai00046','Snacks, Drinks'),
('cb01335','C05','ai00046','Snacks, Drinks'),
('cb01336','C06','ai00046','Snacks, Drinks'),
('cb01337','C07','ai00046','Snacks, Drinks'),
('cb01338','C08','ai00046','Snacks, Drinks'),
('cb01339','C09','ai00046','Snacks, Drinks'),
('cb01340','C10','ai00046','Snacks, Drinks'),
('cb01341','D01','ai00046','Snacks, Drinks'),
('cb01342','D02','ai00046','Snacks, Drinks'),
('cb01343','D03','ai00046','Snacks, Drinks'),
('cb01344','D04','ai00046','Snacks, Drinks'),
('cb01345','D05','ai00046','Snacks, Drinks'),
('cb01346','D06','ai00046','Snacks, Drinks'),
('cb01347','D07','ai00046','Snacks, Drinks'),
('cb01348','D08','ai00046','Snacks, Drinks'),
('cb01349','D09','ai00046','Snacks, Drinks'),
('cb01350','D10','ai00046','Snacks, Drinks'),
('cb01351','B01','ai00047','Snacks, Drinks'),
('cb01352','B02','ai00047','Snacks, Drinks'),
('cb01353','B03','ai00047','Snacks, Drinks'),
('cb01354','B04','ai00047','Snacks, Drinks'),
('cb01355','B05','ai00047','Snacks, Drinks'),
('cb01356','B06','ai00047','Snacks, Drinks'),
('cb01357','B07','ai00047','Snacks, Drinks'),
('cb01358','B08','ai00047','Snacks, Drinks'),
('cb01359','B09','ai00047','Snacks, Drinks'),
('cb01360','B10','ai00047','Snacks, Drinks'),
('cb01361','C01','ai00047','Snacks, Drinks'),
('cb01362','C02','ai00047','Snacks, Drinks'),
('cb01363','C03','ai00047','Snacks, Drinks'),
('cb01364','C04','ai00047','Snacks, Drinks'),
('cb01365','C05','ai00047','Snacks, Drinks'),
('cb01366','C06','ai00047','Snacks, Drinks'),
('cb01367','C07','ai00047','Snacks, Drinks'),
('cb01368','C08','ai00047','Snacks, Drinks'),
('cb01369','C09','ai00047','Snacks, Drinks'),
('cb01370','C10','ai00047','Snacks, Drinks'),
('cb01371','D01','ai00047','Snacks, Drinks'),
('cb01372','D02','ai00047','Snacks, Drinks'),
('cb01373','D03','ai00047','Snacks, Drinks'),
('cb01374','D04','ai00047','Snacks, Drinks'),
('cb01375','D05','ai00047','Snacks, Drinks'),
('cb01376','D06','ai00047','Snacks, Drinks'),
('cb01377','D07','ai00047','Snacks, Drinks'),
('cb01378','D08','ai00047','Snacks, Drinks'),
('cb01379','D09','ai00047','Snacks, Drinks'),
('cb01380','D10','ai00047','Snacks, Drinks'),
('cb01381','B01','ai00048','Snacks, Drinks'),
('cb01382','B02','ai00048','Snacks, Drinks'),
('cb01383','B03','ai00048','Snacks, Drinks'),
('cb01384','B04','ai00048','Snacks, Drinks'),
('cb01385','B05','ai00048','Snacks, Drinks'),
('cb01386','B06','ai00048','Snacks, Drinks'),
('cb01387','B07','ai00048','Snacks, Drinks'),
('cb01388','B08','ai00048','Snacks, Drinks'),
('cb01389','B09','ai00048','Snacks, Drinks'),
('cb01390','B10','ai00048','Snacks, Drinks'),
('cb01391','C01','ai00048','Snacks, Drinks'),
('cb01392','C02','ai00048','Snacks, Drinks'),
('cb01393','C03','ai00048','Snacks, Drinks'),
('cb01394','C04','ai00048','Snacks, Drinks'),
('cb01395','C05','ai00048','Snacks, Drinks'),
('cb01396','C06','ai00048','Snacks, Drinks'),
('cb01397','C07','ai00048','Snacks, Drinks'),
('cb01398','C08','ai00048','Snacks, Drinks'),
('cb01399','C09','ai00048','Snacks, Drinks'),
('cb01400','C10','ai00048','Snacks, Drinks'),
('cb01401','D01','ai00048','Snacks, Drinks'),
('cb01402','D02','ai00048','Snacks, Drinks'),
('cb01403','D03','ai00048','Snacks, Drinks'),
('cb01404','D04','ai00048','Snacks, Drinks'),
('cb01405','D05','ai00048','Snacks, Drinks'),
('cb01406','D06','ai00048','Snacks, Drinks'),
('cb01407','D07','ai00048','Snacks, Drinks'),
('cb01408','D08','ai00048','Snacks, Drinks'),
('cb01409','D09','ai00048','Snacks, Drinks'),
('cb01410','D10','ai00048','Snacks, Drinks'),
('cb01411','B01','ai00049','Snacks, Drinks'),
('cb01412','B02','ai00049','Snacks, Drinks'),
('cb01413','B03','ai00049','Snacks, Drinks'),
('cb01414','B04','ai00049','Snacks, Drinks'),
('cb01415','B05','ai00049','Snacks, Drinks'),
('cb01416','B06','ai00049','Snacks, Drinks'),
('cb01417','B07','ai00049','Snacks, Drinks'),
('cb01418','B08','ai00049','Snacks, Drinks'),
('cb01419','B09','ai00049','Snacks, Drinks'),
('cb01420','B10','ai00049','Snacks, Drinks'),
('cb01421','C01','ai00049','Snacks, Drinks'),
('cb01422','C02','ai00049','Snacks, Drinks'),
('cb01423','C03','ai00049','Snacks, Drinks'),
('cb01424','C04','ai00049','Snacks, Drinks'),
('cb01425','C05','ai00049','Snacks, Drinks'),
('cb01426','C06','ai00049','Snacks, Drinks'),
('cb01427','C07','ai00049','Snacks, Drinks'),
('cb01428','C08','ai00049','Snacks, Drinks'),
('cb01429','C09','ai00049','Snacks, Drinks'),
('cb01430','C10','ai00049','Snacks, Drinks'),
('cb01431','D01','ai00049','Snacks, Drinks'),
('cb01432','D02','ai00049','Snacks, Drinks'),
('cb01433','D03','ai00049','Snacks, Drinks'),
('cb01434','D04','ai00049','Snacks, Drinks'),
('cb01435','D05','ai00049','Snacks, Drinks'),
('cb01436','D06','ai00049','Snacks, Drinks'),
('cb01437','D07','ai00049','Snacks, Drinks'),
('cb01438','D08','ai00049','Snacks, Drinks'),
('cb01439','D09','ai00049','Snacks, Drinks'),
('cb01440','D10','ai00049','Snacks, Drinks'),
('cb01441','B01','ai00050','Snacks, Drinks'),
('cb01442','B02','ai00050','Snacks, Drinks'),
('cb01443','B03','ai00050','Snacks, Drinks'),
('cb01444','B04','ai00050','Snacks, Drinks'),
('cb01445','B05','ai00050','Snacks, Drinks'),
('cb01446','B06','ai00050','Snacks, Drinks'),
('cb01447','B07','ai00050','Snacks, Drinks'),
('cb01448','B08','ai00050','Snacks, Drinks'),
('cb01449','B09','ai00050','Snacks, Drinks'),
('cb01450','B10','ai00050','Snacks, Drinks'),
('cb01451','C01','ai00050','Snacks, Drinks'),
('cb01452','C02','ai00050','Snacks, Drinks'),
('cb01453','C03','ai00050','Snacks, Drinks'),
('cb01454','C04','ai00050','Snacks, Drinks'),
('cb01455','C05','ai00050','Snacks, Drinks'),
('cb01456','C06','ai00050','Snacks, Drinks'),
('cb01457','C07','ai00050','Snacks, Drinks'),
('cb01458','C08','ai00050','Snacks, Drinks'),
('cb01459','C09','ai00050','Snacks, Drinks'),
('cb01460','C10','ai00050','Snacks, Drinks'),
('cb01461','D01','ai00050','Snacks, Drinks'),
('cb01462','D02','ai00050','Snacks, Drinks'),
('cb01463','D03','ai00050','Snacks, Drinks'),
('cb01464','D04','ai00050','Snacks, Drinks'),
('cb01465','D05','ai00050','Snacks, Drinks'),
('cb01466','D06','ai00050','Snacks, Drinks'),
('cb01467','D07','ai00050','Snacks, Drinks'),
('cb01468','D08','ai00050','Snacks, Drinks'),
('cb01469','D09','ai00050','Snacks, Drinks'),
('cb01470','D10','ai00050','Snacks, Drinks'),
('cb01471','B01','ai00001','Snacks, Drinks'),
('cb01472','B02','ai00001','Snacks, Drinks'),
('cb01473','B03','ai00001','Snacks, Drinks'),
('cb01474','B04','ai00001','Snacks, Drinks'),
('cb01475','B05','ai00001','Snacks, Drinks'),
('cb01476','B06','ai00001','Snacks, Drinks'),
('cb01477','B07','ai00001','Snacks, Drinks'),
('cb01478','B08','ai00001','Snacks, Drinks'),
('cb01479','B09','ai00001','Snacks, Drinks'),
('cb01480','B10','ai00001','Snacks, Drinks'),
('cb01481','C01','ai00001','Snacks, Drinks'),
('cb01482','C02','ai00001','Snacks, Drinks'),
('cb01483','C03','ai00001','Snacks, Drinks'),
('cb01484','C04','ai00001','Snacks, Drinks'),
('cb01485','C05','ai00001','Snacks, Drinks'),
('cb01486','C06','ai00001','Snacks, Drinks'),
('cb01487','C07','ai00001','Snacks, Drinks'),
('cb01488','C08','ai00001','Snacks, Drinks'),
('cb01489','C09','ai00001','Snacks, Drinks'),
('cb01490','C10','ai00001','Snacks, Drinks'),
('cb01491','D01','ai00001','Snacks, Drinks'),
('cb01492','D02','ai00001','Snacks, Drinks'),
('cb01493','D03','ai00001','Snacks, Drinks'),
('cb01494','D04','ai00001','Snacks, Drinks'),
('cb01495','D05','ai00001','Snacks, Drinks'),
('cb01496','D06','ai00001','Snacks, Drinks'),
('cb01497','D07','ai00001','Snacks, Drinks'),
('cb01498','D08','ai00001','Snacks, Drinks'),
('cb01499','D09','ai00001','Snacks, Drinks'),
('cb01500','D10','ai00001','Snacks, Drinks');

INSERT INTO "public"."class_economic" ("seat_id","seat_name","airplane_id") VALUES 
('ce00001','E01','ai00002'),
('ce00002','E02','ai00002'),
('ce00003','E03','ai00002'),
('ce00004','E04','ai00002'),
('ce00005','E05','ai00002'),
('ce00006','E06','ai00002'),
('ce00007','E07','ai00002'),
('ce00008','E08','ai00002'),
('ce00009','E09','ai00002'),
('ce00010','E10','ai00002'),
('ce00011','F01','ai00002'),
('ce00012','F02','ai00002'),
('ce00013','F03','ai00002'),
('ce00014','F04','ai00002'),
('ce00015','F05','ai00002'),
('ce00016','F06','ai00002'),
('ce00017','F07','ai00002'),
('ce00018','F08','ai00002'),
('ce00019','F09','ai00002'),
('ce00020','F10','ai00002'),
('ce00021','G01','ai00002'),
('ce00022','G02','ai00002'),
('ce00023','G03','ai00002'),
('ce00024','G04','ai00002'),
('ce00025','G05','ai00002'),
('ce00026','G06','ai00002'),
('ce00027','G07','ai00002'),
('ce00028','G08','ai00002'),
('ce00029','G09','ai00002'),
('ce00030','G10','ai00002'),
('ce00031','H01','ai00002'),
('ce00032','H02','ai00002'),
('ce00033','H03','ai00002'),
('ce00034','H04','ai00002'),
('ce00035','H05','ai00002'),
('ce00036','H06','ai00002'),
('ce00037','H07','ai00002'),
('ce00038','H08','ai00002'),
('ce00039','H09','ai00002'),
('ce00040','H10','ai00002'),
('ce00041','I01','ai00002'),
('ce00042','I02','ai00002'),
('ce00043','I03','ai00002'),
('ce00044','I04','ai00002'),
('ce00045','I05','ai00002'),
('ce00046','I06','ai00002'),
('ce00047','I07','ai00002'),
('ce00048','I08','ai00002'),
('ce00049','I09','ai00002'),
('ce00050','I10','ai00002'),
('ce00051','J01','ai00002'),
('ce00052','J02','ai00002'),
('ce00053','J03','ai00002'),
('ce00054','J04','ai00002'),
('ce00055','J05','ai00002'),
('ce00056','J06','ai00002'),
('ce00057','J07','ai00002'),
('ce00058','J08','ai00002'),
('ce00059','J09','ai00002'),
('ce00060','J10','ai00002'),
('ce00061','E01','ai00003'),
('ce00062','E02','ai00003'),
('ce00063','E03','ai00003'),
('ce00064','E04','ai00003'),
('ce00065','E05','ai00003'),
('ce00066','E06','ai00003'),
('ce00067','E07','ai00003'),
('ce00068','E08','ai00003'),
('ce00069','E09','ai00003'),
('ce00070','E10','ai00003'),
('ce00071','F01','ai00003'),
('ce00072','F02','ai00003'),
('ce00073','F03','ai00003'),
('ce00074','F04','ai00003'),
('ce00075','F05','ai00003'),
('ce00076','F06','ai00003'),
('ce00077','F07','ai00003'),
('ce00078','F08','ai00003'),
('ce00079','F09','ai00003'),
('ce00080','F10','ai00003'),
('ce00081','G01','ai00003'),
('ce00082','G02','ai00003'),
('ce00083','G03','ai00003'),
('ce00084','G04','ai00003'),
('ce00085','G05','ai00003'),
('ce00086','G06','ai00003'),
('ce00087','G07','ai00003'),
('ce00088','G08','ai00003'),
('ce00089','G09','ai00003'),
('ce00090','G10','ai00003'),
('ce00091','H01','ai00003'),
('ce00092','H02','ai00003'),
('ce00093','H03','ai00003'),
('ce00094','H04','ai00003'),
('ce00095','H05','ai00003'),
('ce00096','H06','ai00003'),
('ce00097','H07','ai00003'),
('ce00098','H08','ai00003'),
('ce00099','H09','ai00003'),
('ce00100','H10','ai00003'),
('ce00101','I01','ai00003'),
('ce00102','I02','ai00003'),
('ce00103','I03','ai00003'),
('ce00104','I04','ai00003'),
('ce00105','I05','ai00003'),
('ce00106','I06','ai00003'),
('ce00107','I07','ai00003'),
('ce00108','I08','ai00003'),
('ce00109','I09','ai00003'),
('ce00110','I10','ai00003'),
('ce00111','J01','ai00003'),
('ce00112','J02','ai00003'),
('ce00113','J03','ai00003'),
('ce00114','J04','ai00003'),
('ce00115','J05','ai00003'),
('ce00116','J06','ai00003'),
('ce00117','J07','ai00003'),
('ce00118','J08','ai00003'),
('ce00119','J09','ai00003'),
('ce00120','J10','ai00003'),
('ce00121','E01','ai00004'),
('ce00122','E02','ai00004'),
('ce00123','E03','ai00004'),
('ce00124','E04','ai00004'),
('ce00125','E05','ai00004'),
('ce00126','E06','ai00004'),
('ce00127','E07','ai00004'),
('ce00128','E08','ai00004'),
('ce00129','E09','ai00004'),
('ce00130','E10','ai00004'),
('ce00131','F01','ai00004'),
('ce00132','F02','ai00004'),
('ce00133','F03','ai00004'),
('ce00134','F04','ai00004'),
('ce00135','F05','ai00004'),
('ce00136','F06','ai00004'),
('ce00137','F07','ai00004'),
('ce00138','F08','ai00004'),
('ce00139','F09','ai00004'),
('ce00140','F10','ai00004'),
('ce00141','G01','ai00004'),
('ce00142','G02','ai00004'),
('ce00143','G03','ai00004'),
('ce00144','G04','ai00004'),
('ce00145','G05','ai00004'),
('ce00146','G06','ai00004'),
('ce00147','G07','ai00004'),
('ce00148','G08','ai00004'),
('ce00149','G09','ai00004'),
('ce00150','G10','ai00004'),
('ce00151','H01','ai00004'),
('ce00152','H02','ai00004'),
('ce00153','H03','ai00004'),
('ce00154','H04','ai00004'),
('ce00155','H05','ai00004'),
('ce00156','H06','ai00004'),
('ce00157','H07','ai00004'),
('ce00158','H08','ai00004'),
('ce00159','H09','ai00004'),
('ce00160','H10','ai00004'),
('ce00161','I01','ai00004'),
('ce00162','I02','ai00004'),
('ce00163','I03','ai00004'),
('ce00164','I04','ai00004'),
('ce00165','I05','ai00004'),
('ce00166','I06','ai00004'),
('ce00167','I07','ai00004'),
('ce00168','I08','ai00004'),
('ce00169','I09','ai00004'),
('ce00170','I10','ai00004'),
('ce00171','J01','ai00004'),
('ce00172','J02','ai00004'),
('ce00173','J03','ai00004'),
('ce00174','J04','ai00004'),
('ce00175','J05','ai00004'),
('ce00176','J06','ai00004'),
('ce00177','J07','ai00004'),
('ce00178','J08','ai00004'),
('ce00179','J09','ai00004'),
('ce00180','J10','ai00004'),
('ce00181','E01','ai00005'),
('ce00182','E02','ai00005'),
('ce00183','E03','ai00005'),
('ce00184','E04','ai00005'),
('ce00185','E05','ai00005'),
('ce00186','E06','ai00005'),
('ce00187','E07','ai00005'),
('ce00188','E08','ai00005'),
('ce00189','E09','ai00005'),
('ce00190','E10','ai00005'),
('ce00191','F01','ai00005'),
('ce00192','F02','ai00005'),
('ce00193','F03','ai00005'),
('ce00194','F04','ai00005'),
('ce00195','F05','ai00005'),
('ce00196','F06','ai00005'),
('ce00197','F07','ai00005'),
('ce00198','F08','ai00005'),
('ce00199','F09','ai00005'),
('ce00200','F10','ai00005'),
('ce00201','G01','ai00005'),
('ce00202','G02','ai00005'),
('ce00203','G03','ai00005'),
('ce00204','G04','ai00005'),
('ce00205','G05','ai00005'),
('ce00206','G06','ai00005'),
('ce00207','G07','ai00005'),
('ce00208','G08','ai00005'),
('ce00209','G09','ai00005'),
('ce00210','G10','ai00005'),
('ce00211','H01','ai00005'),
('ce00212','H02','ai00005'),
('ce00213','H03','ai00005'),
('ce00214','H04','ai00005'),
('ce00215','H05','ai00005'),
('ce00216','H06','ai00005'),
('ce00217','H07','ai00005'),
('ce00218','H08','ai00005'),
('ce00219','H09','ai00005'),
('ce00220','H10','ai00005'),
('ce00221','I01','ai00005'),
('ce00222','I02','ai00005'),
('ce00223','I03','ai00005'),
('ce00224','I04','ai00005'),
('ce00225','I05','ai00005'),
('ce00226','I06','ai00005'),
('ce00227','I07','ai00005'),
('ce00228','I08','ai00005'),
('ce00229','I09','ai00005'),
('ce00230','I10','ai00005'),
('ce00231','J01','ai00005'),
('ce00232','J02','ai00005'),
('ce00233','J03','ai00005'),
('ce00234','J04','ai00005'),
('ce00235','J05','ai00005'),
('ce00236','J06','ai00005'),
('ce00237','J07','ai00005'),
('ce00238','J08','ai00005'),
('ce00239','J09','ai00005'),
('ce00240','J10','ai00005'),
('ce00241','E01','ai00006'),
('ce00242','E02','ai00006'),
('ce00243','E03','ai00006'),
('ce00244','E04','ai00006'),
('ce00245','E05','ai00006'),
('ce00246','E06','ai00006'),
('ce00247','E07','ai00006'),
('ce00248','E08','ai00006'),
('ce00249','E09','ai00006'),
('ce00250','E10','ai00006'),
('ce00251','F01','ai00006'),
('ce00252','F02','ai00006'),
('ce00253','F03','ai00006'),
('ce00254','F04','ai00006'),
('ce00255','F05','ai00006'),
('ce00256','F06','ai00006'),
('ce00257','F07','ai00006'),
('ce00258','F08','ai00006'),
('ce00259','F09','ai00006'),
('ce00260','F10','ai00006'),
('ce00261','G01','ai00006'),
('ce00262','G02','ai00006'),
('ce00263','G03','ai00006'),
('ce00264','G04','ai00006'),
('ce00265','G05','ai00006'),
('ce00266','G06','ai00006'),
('ce00267','G07','ai00006'),
('ce00268','G08','ai00006'),
('ce00269','G09','ai00006'),
('ce00270','G10','ai00006'),
('ce00271','H01','ai00006'),
('ce00272','H02','ai00006'),
('ce00273','H03','ai00006'),
('ce00274','H04','ai00006'),
('ce00275','H05','ai00006'),
('ce00276','H06','ai00006'),
('ce00277','H07','ai00006'),
('ce00278','H08','ai00006'),
('ce00279','H09','ai00006'),
('ce00280','H10','ai00006'),
('ce00281','I01','ai00006'),
('ce00282','I02','ai00006'),
('ce00283','I03','ai00006'),
('ce00284','I04','ai00006'),
('ce00285','I05','ai00006'),
('ce00286','I06','ai00006'),
('ce00287','I07','ai00006'),
('ce00288','I08','ai00006'),
('ce00289','I09','ai00006'),
('ce00290','I10','ai00006'),
('ce00291','J01','ai00006'),
('ce00292','J02','ai00006'),
('ce00293','J03','ai00006'),
('ce00294','J04','ai00006'),
('ce00295','J05','ai00006'),
('ce00296','J06','ai00006'),
('ce00297','J07','ai00006'),
('ce00298','J08','ai00006'),
('ce00299','J09','ai00006'),
('ce00300','J10','ai00006'),
('ce00301','E01','ai00007'),
('ce00302','E02','ai00007'),
('ce00303','E03','ai00007'),
('ce00304','E04','ai00007'),
('ce00305','E05','ai00007'),
('ce00306','E06','ai00007'),
('ce00307','E07','ai00007'),
('ce00308','E08','ai00007'),
('ce00309','E09','ai00007'),
('ce00310','E10','ai00007'),
('ce00311','F01','ai00007'),
('ce00312','F02','ai00007'),
('ce00313','F03','ai00007'),
('ce00314','F04','ai00007'),
('ce00315','F05','ai00007'),
('ce00316','F06','ai00007'),
('ce00317','F07','ai00007'),
('ce00318','F08','ai00007'),
('ce00319','F09','ai00007'),
('ce00320','F10','ai00007'),
('ce00321','G01','ai00007'),
('ce00322','G02','ai00007'),
('ce00323','G03','ai00007'),
('ce00324','G04','ai00007'),
('ce00325','G05','ai00007'),
('ce00326','G06','ai00007'),
('ce00327','G07','ai00007'),
('ce00328','G08','ai00007'),
('ce00329','G09','ai00007'),
('ce00330','G10','ai00007'),
('ce00331','H01','ai00007'),
('ce00332','H02','ai00007'),
('ce00333','H03','ai00007'),
('ce00334','H04','ai00007'),
('ce00335','H05','ai00007'),
('ce00336','H06','ai00007'),
('ce00337','H07','ai00007'),
('ce00338','H08','ai00007'),
('ce00339','H09','ai00007'),
('ce00340','H10','ai00007'),
('ce00341','I01','ai00007'),
('ce00342','I02','ai00007'),
('ce00343','I03','ai00007'),
('ce00344','I04','ai00007'),
('ce00345','I05','ai00007'),
('ce00346','I06','ai00007'),
('ce00347','I07','ai00007'),
('ce00348','I08','ai00007'),
('ce00349','I09','ai00007'),
('ce00350','I10','ai00007'),
('ce00351','J01','ai00007'),
('ce00352','J02','ai00007'),
('ce00353','J03','ai00007'),
('ce00354','J04','ai00007'),
('ce00355','J05','ai00007'),
('ce00356','J06','ai00007'),
('ce00357','J07','ai00007'),
('ce00358','J08','ai00007'),
('ce00359','J09','ai00007'),
('ce00360','J10','ai00007'),
('ce00361','E01','ai00008'),
('ce00362','E02','ai00008'),
('ce00363','E03','ai00008'),
('ce00364','E04','ai00008'),
('ce00365','E05','ai00008'),
('ce00366','E06','ai00008'),
('ce00367','E07','ai00008'),
('ce00368','E08','ai00008'),
('ce00369','E09','ai00008'),
('ce00370','E10','ai00008'),
('ce00371','F01','ai00008'),
('ce00372','F02','ai00008'),
('ce00373','F03','ai00008'),
('ce00374','F04','ai00008'),
('ce00375','F05','ai00008'),
('ce00376','F06','ai00008'),
('ce00377','F07','ai00008'),
('ce00378','F08','ai00008'),
('ce00379','F09','ai00008'),
('ce00380','F10','ai00008'),
('ce00381','G01','ai00008'),
('ce00382','G02','ai00008'),
('ce00383','G03','ai00008'),
('ce00384','G04','ai00008'),
('ce00385','G05','ai00008'),
('ce00386','G06','ai00008'),
('ce00387','G07','ai00008'),
('ce00388','G08','ai00008'),
('ce00389','G09','ai00008'),
('ce00390','G10','ai00008'),
('ce00391','H01','ai00008'),
('ce00392','H02','ai00008'),
('ce00393','H03','ai00008'),
('ce00394','H04','ai00008'),
('ce00395','H05','ai00008'),
('ce00396','H06','ai00008'),
('ce00397','H07','ai00008'),
('ce00398','H08','ai00008'),
('ce00399','H09','ai00008'),
('ce00400','H10','ai00008'),
('ce00401','I01','ai00008'),
('ce00402','I02','ai00008'),
('ce00403','I03','ai00008'),
('ce00404','I04','ai00008'),
('ce00405','I05','ai00008'),
('ce00406','I06','ai00008'),
('ce00407','I07','ai00008'),
('ce00408','I08','ai00008'),
('ce00409','I09','ai00008'),
('ce00410','I10','ai00008'),
('ce00411','J01','ai00008'),
('ce00412','J02','ai00008'),
('ce00413','J03','ai00008'),
('ce00414','J04','ai00008'),
('ce00415','J05','ai00008'),
('ce00416','J06','ai00008'),
('ce00417','J07','ai00008'),
('ce00418','J08','ai00008'),
('ce00419','J09','ai00008'),
('ce00420','J10','ai00008'),
('ce00421','E01','ai00009'),
('ce00422','E02','ai00009'),
('ce00423','E03','ai00009'),
('ce00424','E04','ai00009'),
('ce00425','E05','ai00009'),
('ce00426','E06','ai00009'),
('ce00427','E07','ai00009'),
('ce00428','E08','ai00009'),
('ce00429','E09','ai00009'),
('ce00430','E10','ai00009'),
('ce00431','F01','ai00009'),
('ce00432','F02','ai00009'),
('ce00433','F03','ai00009'),
('ce00434','F04','ai00009'),
('ce00435','F05','ai00009'),
('ce00436','F06','ai00009'),
('ce00437','F07','ai00009'),
('ce00438','F08','ai00009'),
('ce00439','F09','ai00009'),
('ce00440','F10','ai00009'),
('ce00441','G01','ai00009'),
('ce00442','G02','ai00009'),
('ce00443','G03','ai00009'),
('ce00444','G04','ai00009'),
('ce00445','G05','ai00009'),
('ce00446','G06','ai00009'),
('ce00447','G07','ai00009'),
('ce00448','G08','ai00009'),
('ce00449','G09','ai00009'),
('ce00450','G10','ai00009'),
('ce00451','H01','ai00009'),
('ce00452','H02','ai00009'),
('ce00453','H03','ai00009'),
('ce00454','H04','ai00009'),
('ce00455','H05','ai00009'),
('ce00456','H06','ai00009'),
('ce00457','H07','ai00009'),
('ce00458','H08','ai00009'),
('ce00459','H09','ai00009'),
('ce00460','H10','ai00009'),
('ce00461','I01','ai00009'),
('ce00462','I02','ai00009'),
('ce00463','I03','ai00009'),
('ce00464','I04','ai00009'),
('ce00465','I05','ai00009'),
('ce00466','I06','ai00009'),
('ce00467','I07','ai00009'),
('ce00468','I08','ai00009'),
('ce00469','I09','ai00009'),
('ce00470','I10','ai00009'),
('ce00471','J01','ai00009'),
('ce00472','J02','ai00009'),
('ce00473','J03','ai00009'),
('ce00474','J04','ai00009'),
('ce00475','J05','ai00009'),
('ce00476','J06','ai00009'),
('ce00477','J07','ai00009'),
('ce00478','J08','ai00009'),
('ce00479','J09','ai00009'),
('ce00480','J10','ai00009'),
('ce00481','E01','ai00010'),
('ce00482','E02','ai00010'),
('ce00483','E03','ai00010'),
('ce00484','E04','ai00010'),
('ce00485','E05','ai00010'),
('ce00486','E06','ai00010'),
('ce00487','E07','ai00010'),
('ce00488','E08','ai00010'),
('ce00489','E09','ai00010'),
('ce00490','E10','ai00010'),
('ce00491','F01','ai00010'),
('ce00492','F02','ai00010'),
('ce00493','F03','ai00010'),
('ce00494','F04','ai00010'),
('ce00495','F05','ai00010'),
('ce00496','F06','ai00010'),
('ce00497','F07','ai00010'),
('ce00498','F08','ai00010'),
('ce00499','F09','ai00010'),
('ce00500','F10','ai00010'),
('ce00501','G01','ai00010'),
('ce00502','G02','ai00010'),
('ce00503','G03','ai00010'),
('ce00504','G04','ai00010'),
('ce00505','G05','ai00010'),
('ce00506','G06','ai00010'),
('ce00507','G07','ai00010'),
('ce00508','G08','ai00010'),
('ce00509','G09','ai00010'),
('ce00510','G10','ai00010'),
('ce00511','H01','ai00010'),
('ce00512','H02','ai00010'),
('ce00513','H03','ai00010'),
('ce00514','H04','ai00010'),
('ce00515','H05','ai00010'),
('ce00516','H06','ai00010'),
('ce00517','H07','ai00010'),
('ce00518','H08','ai00010'),
('ce00519','H09','ai00010'),
('ce00520','H10','ai00010'),
('ce00521','I01','ai00010'),
('ce00522','I02','ai00010'),
('ce00523','I03','ai00010'),
('ce00524','I04','ai00010'),
('ce00525','I05','ai00010'),
('ce00526','I06','ai00010'),
('ce00527','I07','ai00010'),
('ce00528','I08','ai00010'),
('ce00529','I09','ai00010'),
('ce00530','I10','ai00010'),
('ce00531','J01','ai00010'),
('ce00532','J02','ai00010'),
('ce00533','J03','ai00010'),
('ce00534','J04','ai00010'),
('ce00535','J05','ai00010'),
('ce00536','J06','ai00010'),
('ce00537','J07','ai00010'),
('ce00538','J08','ai00010'),
('ce00539','J09','ai00010'),
('ce00540','J10','ai00010'),
('ce00541','E01','ai00011'),
('ce00542','E02','ai00011'),
('ce00543','E03','ai00011'),
('ce00544','E04','ai00011'),
('ce00545','E05','ai00011'),
('ce00546','E06','ai00011'),
('ce00547','E07','ai00011'),
('ce00548','E08','ai00011'),
('ce00549','E09','ai00011'),
('ce00550','E10','ai00011'),
('ce00551','F01','ai00011'),
('ce00552','F02','ai00011'),
('ce00553','F03','ai00011'),
('ce00554','F04','ai00011'),
('ce00555','F05','ai00011'),
('ce00556','F06','ai00011'),
('ce00557','F07','ai00011'),
('ce00558','F08','ai00011'),
('ce00559','F09','ai00011'),
('ce00560','F10','ai00011'),
('ce00561','G01','ai00011'),
('ce00562','G02','ai00011'),
('ce00563','G03','ai00011'),
('ce00564','G04','ai00011'),
('ce00565','G05','ai00011'),
('ce00566','G06','ai00011'),
('ce00567','G07','ai00011'),
('ce00568','G08','ai00011'),
('ce00569','G09','ai00011'),
('ce00570','G10','ai00011'),
('ce00571','H01','ai00011'),
('ce00572','H02','ai00011'),
('ce00573','H03','ai00011'),
('ce00574','H04','ai00011'),
('ce00575','H05','ai00011'),
('ce00576','H06','ai00011'),
('ce00577','H07','ai00011'),
('ce00578','H08','ai00011'),
('ce00579','H09','ai00011'),
('ce00580','H10','ai00011'),
('ce00581','I01','ai00011'),
('ce00582','I02','ai00011'),
('ce00583','I03','ai00011'),
('ce00584','I04','ai00011'),
('ce00585','I05','ai00011'),
('ce00586','I06','ai00011'),
('ce00587','I07','ai00011'),
('ce00588','I08','ai00011'),
('ce00589','I09','ai00011'),
('ce00590','I10','ai00011'),
('ce00591','J01','ai00011'),
('ce00592','J02','ai00011'),
('ce00593','J03','ai00011'),
('ce00594','J04','ai00011'),
('ce00595','J05','ai00011'),
('ce00596','J06','ai00011'),
('ce00597','J07','ai00011'),
('ce00598','J08','ai00011'),
('ce00599','J09','ai00011'),
('ce00600','J10','ai00011'),
('ce00601','E01','ai00012'),
('ce00602','E02','ai00012'),
('ce00603','E03','ai00012'),
('ce00604','E04','ai00012'),
('ce00605','E05','ai00012'),
('ce00606','E06','ai00012'),
('ce00607','E07','ai00012'),
('ce00608','E08','ai00012'),
('ce00609','E09','ai00012'),
('ce00610','E10','ai00012'),
('ce00611','F01','ai00012'),
('ce00612','F02','ai00012'),
('ce00613','F03','ai00012'),
('ce00614','F04','ai00012'),
('ce00615','F05','ai00012'),
('ce00616','F06','ai00012'),
('ce00617','F07','ai00012'),
('ce00618','F08','ai00012'),
('ce00619','F09','ai00012'),
('ce00620','F10','ai00012'),
('ce00621','G01','ai00012'),
('ce00622','G02','ai00012'),
('ce00623','G03','ai00012'),
('ce00624','G04','ai00012'),
('ce00625','G05','ai00012'),
('ce00626','G06','ai00012'),
('ce00627','G07','ai00012'),
('ce00628','G08','ai00012'),
('ce00629','G09','ai00012'),
('ce00630','G10','ai00012'),
('ce00631','H01','ai00012'),
('ce00632','H02','ai00012'),
('ce00633','H03','ai00012'),
('ce00634','H04','ai00012'),
('ce00635','H05','ai00012'),
('ce00636','H06','ai00012'),
('ce00637','H07','ai00012'),
('ce00638','H08','ai00012'),
('ce00639','H09','ai00012'),
('ce00640','H10','ai00012'),
('ce00641','I01','ai00012'),
('ce00642','I02','ai00012'),
('ce00643','I03','ai00012'),
('ce00644','I04','ai00012'),
('ce00645','I05','ai00012'),
('ce00646','I06','ai00012'),
('ce00647','I07','ai00012'),
('ce00648','I08','ai00012'),
('ce00649','I09','ai00012'),
('ce00650','I10','ai00012'),
('ce00651','J01','ai00012'),
('ce00652','J02','ai00012'),
('ce00653','J03','ai00012'),
('ce00654','J04','ai00012'),
('ce00655','J05','ai00012'),
('ce00656','J06','ai00012'),
('ce00657','J07','ai00012'),
('ce00658','J08','ai00012'),
('ce00659','J09','ai00012'),
('ce00660','J10','ai00012'),
('ce00661','E01','ai00013'),
('ce00662','E02','ai00013'),
('ce00663','E03','ai00013'),
('ce00664','E04','ai00013'),
('ce00665','E05','ai00013'),
('ce00666','E06','ai00013'),
('ce00667','E07','ai00013'),
('ce00668','E08','ai00013'),
('ce00669','E09','ai00013'),
('ce00670','E10','ai00013'),
('ce00671','F01','ai00013'),
('ce00672','F02','ai00013'),
('ce00673','F03','ai00013'),
('ce00674','F04','ai00013'),
('ce00675','F05','ai00013'),
('ce00676','F06','ai00013'),
('ce00677','F07','ai00013'),
('ce00678','F08','ai00013'),
('ce00679','F09','ai00013'),
('ce00680','F10','ai00013'),
('ce00681','G01','ai00013'),
('ce00682','G02','ai00013'),
('ce00683','G03','ai00013'),
('ce00684','G04','ai00013'),
('ce00685','G05','ai00013'),
('ce00686','G06','ai00013'),
('ce00687','G07','ai00013'),
('ce00688','G08','ai00013'),
('ce00689','G09','ai00013'),
('ce00690','G10','ai00013'),
('ce00691','H01','ai00013'),
('ce00692','H02','ai00013'),
('ce00693','H03','ai00013'),
('ce00694','H04','ai00013'),
('ce00695','H05','ai00013'),
('ce00696','H06','ai00013'),
('ce00697','H07','ai00013'),
('ce00698','H08','ai00013'),
('ce00699','H09','ai00013'),
('ce00700','H10','ai00013'),
('ce00701','I01','ai00013'),
('ce00702','I02','ai00013'),
('ce00703','I03','ai00013'),
('ce00704','I04','ai00013'),
('ce00705','I05','ai00013'),
('ce00706','I06','ai00013'),
('ce00707','I07','ai00013'),
('ce00708','I08','ai00013'),
('ce00709','I09','ai00013'),
('ce00710','I10','ai00013'),
('ce00711','J01','ai00013'),
('ce00712','J02','ai00013'),
('ce00713','J03','ai00013'),
('ce00714','J04','ai00013'),
('ce00715','J05','ai00013'),
('ce00716','J06','ai00013'),
('ce00717','J07','ai00013'),
('ce00718','J08','ai00013'),
('ce00719','J09','ai00013'),
('ce00720','J10','ai00013'),
('ce00721','E01','ai00014'),
('ce00722','E02','ai00014'),
('ce00723','E03','ai00014'),
('ce00724','E04','ai00014'),
('ce00725','E05','ai00014'),
('ce00726','E06','ai00014'),
('ce00727','E07','ai00014'),
('ce00728','E08','ai00014'),
('ce00729','E09','ai00014'),
('ce00730','E10','ai00014'),
('ce00731','F01','ai00014'),
('ce00732','F02','ai00014'),
('ce00733','F03','ai00014'),
('ce00734','F04','ai00014'),
('ce00735','F05','ai00014'),
('ce00736','F06','ai00014'),
('ce00737','F07','ai00014'),
('ce00738','F08','ai00014'),
('ce00739','F09','ai00014'),
('ce00740','F10','ai00014'),
('ce00741','G01','ai00014'),
('ce00742','G02','ai00014'),
('ce00743','G03','ai00014'),
('ce00744','G04','ai00014'),
('ce00745','G05','ai00014'),
('ce00746','G06','ai00014'),
('ce00747','G07','ai00014'),
('ce00748','G08','ai00014'),
('ce00749','G09','ai00014'),
('ce00750','G10','ai00014'),
('ce00751','H01','ai00014'),
('ce00752','H02','ai00014'),
('ce00753','H03','ai00014'),
('ce00754','H04','ai00014'),
('ce00755','H05','ai00014'),
('ce00756','H06','ai00014'),
('ce00757','H07','ai00014'),
('ce00758','H08','ai00014'),
('ce00759','H09','ai00014'),
('ce00760','H10','ai00014'),
('ce00761','I01','ai00014'),
('ce00762','I02','ai00014'),
('ce00763','I03','ai00014'),
('ce00764','I04','ai00014'),
('ce00765','I05','ai00014'),
('ce00766','I06','ai00014'),
('ce00767','I07','ai00014'),
('ce00768','I08','ai00014'),
('ce00769','I09','ai00014'),
('ce00770','I10','ai00014'),
('ce00771','J01','ai00014'),
('ce00772','J02','ai00014'),
('ce00773','J03','ai00014'),
('ce00774','J04','ai00014'),
('ce00775','J05','ai00014'),
('ce00776','J06','ai00014'),
('ce00777','J07','ai00014'),
('ce00778','J08','ai00014'),
('ce00779','J09','ai00014'),
('ce00780','J10','ai00014'),
('ce00781','E01','ai00015'),
('ce00782','E02','ai00015'),
('ce00783','E03','ai00015'),
('ce00784','E04','ai00015'),
('ce00785','E05','ai00015'),
('ce00786','E06','ai00015'),
('ce00787','E07','ai00015'),
('ce00788','E08','ai00015'),
('ce00789','E09','ai00015'),
('ce00790','E10','ai00015'),
('ce00791','F01','ai00015'),
('ce00792','F02','ai00015'),
('ce00793','F03','ai00015'),
('ce00794','F04','ai00015'),
('ce00795','F05','ai00015'),
('ce00796','F06','ai00015'),
('ce00797','F07','ai00015'),
('ce00798','F08','ai00015'),
('ce00799','F09','ai00015'),
('ce00800','F10','ai00015'),
('ce00801','G01','ai00015'),
('ce00802','G02','ai00015'),
('ce00803','G03','ai00015'),
('ce00804','G04','ai00015'),
('ce00805','G05','ai00015'),
('ce00806','G06','ai00015'),
('ce00807','G07','ai00015'),
('ce00808','G08','ai00015'),
('ce00809','G09','ai00015'),
('ce00810','G10','ai00015'),
('ce00811','H01','ai00015'),
('ce00812','H02','ai00015'),
('ce00813','H03','ai00015'),
('ce00814','H04','ai00015'),
('ce00815','H05','ai00015'),
('ce00816','H06','ai00015'),
('ce00817','H07','ai00015'),
('ce00818','H08','ai00015'),
('ce00819','H09','ai00015'),
('ce00820','H10','ai00015'),
('ce00821','I01','ai00015'),
('ce00822','I02','ai00015'),
('ce00823','I03','ai00015'),
('ce00824','I04','ai00015'),
('ce00825','I05','ai00015'),
('ce00826','I06','ai00015'),
('ce00827','I07','ai00015'),
('ce00828','I08','ai00015'),
('ce00829','I09','ai00015'),
('ce00830','I10','ai00015'),
('ce00831','J01','ai00015'),
('ce00832','J02','ai00015'),
('ce00833','J03','ai00015'),
('ce00834','J04','ai00015'),
('ce00835','J05','ai00015'),
('ce00836','J06','ai00015'),
('ce00837','J07','ai00015'),
('ce00838','J08','ai00015'),
('ce00839','J09','ai00015'),
('ce00840','J10','ai00015'),
('ce00841','E01','ai00016'),
('ce00842','E02','ai00016'),
('ce00843','E03','ai00016'),
('ce00844','E04','ai00016'),
('ce00845','E05','ai00016'),
('ce00846','E06','ai00016'),
('ce00847','E07','ai00016'),
('ce00848','E08','ai00016'),
('ce00849','E09','ai00016'),
('ce00850','E10','ai00016'),
('ce00851','F01','ai00016'),
('ce00852','F02','ai00016'),
('ce00853','F03','ai00016'),
('ce00854','F04','ai00016'),
('ce00855','F05','ai00016'),
('ce00856','F06','ai00016'),
('ce00857','F07','ai00016'),
('ce00858','F08','ai00016'),
('ce00859','F09','ai00016'),
('ce00860','F10','ai00016'),
('ce00861','G01','ai00016'),
('ce00862','G02','ai00016'),
('ce00863','G03','ai00016'),
('ce00864','G04','ai00016'),
('ce00865','G05','ai00016'),
('ce00866','G06','ai00016'),
('ce00867','G07','ai00016'),
('ce00868','G08','ai00016'),
('ce00869','G09','ai00016'),
('ce00870','G10','ai00016'),
('ce00871','H01','ai00016'),
('ce00872','H02','ai00016'),
('ce00873','H03','ai00016'),
('ce00874','H04','ai00016'),
('ce00875','H05','ai00016'),
('ce00876','H06','ai00016'),
('ce00877','H07','ai00016'),
('ce00878','H08','ai00016'),
('ce00879','H09','ai00016'),
('ce00880','H10','ai00016'),
('ce00881','I01','ai00016'),
('ce00882','I02','ai00016'),
('ce00883','I03','ai00016'),
('ce00884','I04','ai00016'),
('ce00885','I05','ai00016'),
('ce00886','I06','ai00016'),
('ce00887','I07','ai00016'),
('ce00888','I08','ai00016'),
('ce00889','I09','ai00016'),
('ce00890','I10','ai00016'),
('ce00891','J01','ai00016'),
('ce00892','J02','ai00016'),
('ce00893','J03','ai00016'),
('ce00894','J04','ai00016'),
('ce00895','J05','ai00016'),
('ce00896','J06','ai00016'),
('ce00897','J07','ai00016'),
('ce00898','J08','ai00016'),
('ce00899','J09','ai00016'),
('ce00900','J10','ai00016'),
('ce00901','E01','ai00017'),
('ce00902','E02','ai00017'),
('ce00903','E03','ai00017'),
('ce00904','E04','ai00017'),
('ce00905','E05','ai00017'),
('ce00906','E06','ai00017'),
('ce00907','E07','ai00017'),
('ce00908','E08','ai00017'),
('ce00909','E09','ai00017'),
('ce00910','E10','ai00017'),
('ce00911','F01','ai00017'),
('ce00912','F02','ai00017'),
('ce00913','F03','ai00017'),
('ce00914','F04','ai00017'),
('ce00915','F05','ai00017'),
('ce00916','F06','ai00017'),
('ce00917','F07','ai00017'),
('ce00918','F08','ai00017'),
('ce00919','F09','ai00017'),
('ce00920','F10','ai00017'),
('ce00921','G01','ai00017'),
('ce00922','G02','ai00017'),
('ce00923','G03','ai00017'),
('ce00924','G04','ai00017'),
('ce00925','G05','ai00017'),
('ce00926','G06','ai00017'),
('ce00927','G07','ai00017'),
('ce00928','G08','ai00017'),
('ce00929','G09','ai00017'),
('ce00930','G10','ai00017'),
('ce00931','H01','ai00017'),
('ce00932','H02','ai00017'),
('ce00933','H03','ai00017'),
('ce00934','H04','ai00017'),
('ce00935','H05','ai00017'),
('ce00936','H06','ai00017'),
('ce00937','H07','ai00017'),
('ce00938','H08','ai00017'),
('ce00939','H09','ai00017'),
('ce00940','H10','ai00017'),
('ce00941','I01','ai00017'),
('ce00942','I02','ai00017'),
('ce00943','I03','ai00017'),
('ce00944','I04','ai00017'),
('ce00945','I05','ai00017'),
('ce00946','I06','ai00017'),
('ce00947','I07','ai00017'),
('ce00948','I08','ai00017'),
('ce00949','I09','ai00017'),
('ce00950','I10','ai00017'),
('ce00951','J01','ai00017'),
('ce00952','J02','ai00017'),
('ce00953','J03','ai00017'),
('ce00954','J04','ai00017'),
('ce00955','J05','ai00017'),
('ce00956','J06','ai00017'),
('ce00957','J07','ai00017'),
('ce00958','J08','ai00017'),
('ce00959','J09','ai00017'),
('ce00960','J10','ai00017'),
('ce00961','E01','ai00018'),
('ce00962','E02','ai00018'),
('ce00963','E03','ai00018'),
('ce00964','E04','ai00018'),
('ce00965','E05','ai00018'),
('ce00966','E06','ai00018'),
('ce00967','E07','ai00018'),
('ce00968','E08','ai00018'),
('ce00969','E09','ai00018'),
('ce00970','E10','ai00018'),
('ce00971','F01','ai00018'),
('ce00972','F02','ai00018'),
('ce00973','F03','ai00018'),
('ce00974','F04','ai00018'),
('ce00975','F05','ai00018'),
('ce00976','F06','ai00018'),
('ce00977','F07','ai00018'),
('ce00978','F08','ai00018'),
('ce00979','F09','ai00018'),
('ce00980','F10','ai00018'),
('ce00981','G01','ai00018'),
('ce00982','G02','ai00018'),
('ce00983','G03','ai00018'),
('ce00984','G04','ai00018'),
('ce00985','G05','ai00018'),
('ce00986','G06','ai00018'),
('ce00987','G07','ai00018'),
('ce00988','G08','ai00018'),
('ce00989','G09','ai00018'),
('ce00990','G10','ai00018'),
('ce00991','H01','ai00018'),
('ce00992','H02','ai00018'),
('ce00993','H03','ai00018'),
('ce00994','H04','ai00018'),
('ce00995','H05','ai00018'),
('ce00996','H06','ai00018'),
('ce00997','H07','ai00018'),
('ce00998','H08','ai00018'),
('ce00999','H09','ai00018'),
('ce01000','H10','ai00018'),
('ce01001','I01','ai00018'),
('ce01002','I02','ai00018'),
('ce01003','I03','ai00018'),
('ce01004','I04','ai00018'),
('ce01005','I05','ai00018'),
('ce01006','I06','ai00018'),
('ce01007','I07','ai00018'),
('ce01008','I08','ai00018'),
('ce01009','I09','ai00018'),
('ce01010','I10','ai00018'),
('ce01011','J01','ai00018'),
('ce01012','J02','ai00018'),
('ce01013','J03','ai00018'),
('ce01014','J04','ai00018'),
('ce01015','J05','ai00018'),
('ce01016','J06','ai00018'),
('ce01017','J07','ai00018'),
('ce01018','J08','ai00018'),
('ce01019','J09','ai00018'),
('ce01020','J10','ai00018'),
('ce01021','E01','ai00019'),
('ce01022','E02','ai00019'),
('ce01023','E03','ai00019'),
('ce01024','E04','ai00019'),
('ce01025','E05','ai00019'),
('ce01026','E06','ai00019'),
('ce01027','E07','ai00019'),
('ce01028','E08','ai00019'),
('ce01029','E09','ai00019'),
('ce01030','E10','ai00019'),
('ce01031','F01','ai00019'),
('ce01032','F02','ai00019'),
('ce01033','F03','ai00019'),
('ce01034','F04','ai00019'),
('ce01035','F05','ai00019'),
('ce01036','F06','ai00019'),
('ce01037','F07','ai00019'),
('ce01038','F08','ai00019'),
('ce01039','F09','ai00019'),
('ce01040','F10','ai00019'),
('ce01041','G01','ai00019'),
('ce01042','G02','ai00019'),
('ce01043','G03','ai00019'),
('ce01044','G04','ai00019'),
('ce01045','G05','ai00019'),
('ce01046','G06','ai00019'),
('ce01047','G07','ai00019'),
('ce01048','G08','ai00019'),
('ce01049','G09','ai00019'),
('ce01050','G10','ai00019'),
('ce01051','H01','ai00019'),
('ce01052','H02','ai00019'),
('ce01053','H03','ai00019'),
('ce01054','H04','ai00019'),
('ce01055','H05','ai00019'),
('ce01056','H06','ai00019'),
('ce01057','H07','ai00019'),
('ce01058','H08','ai00019'),
('ce01059','H09','ai00019'),
('ce01060','H10','ai00019'),
('ce01061','I01','ai00019'),
('ce01062','I02','ai00019'),
('ce01063','I03','ai00019'),
('ce01064','I04','ai00019'),
('ce01065','I05','ai00019'),
('ce01066','I06','ai00019'),
('ce01067','I07','ai00019'),
('ce01068','I08','ai00019'),
('ce01069','I09','ai00019'),
('ce01070','I10','ai00019'),
('ce01071','J01','ai00019'),
('ce01072','J02','ai00019'),
('ce01073','J03','ai00019'),
('ce01074','J04','ai00019'),
('ce01075','J05','ai00019'),
('ce01076','J06','ai00019'),
('ce01077','J07','ai00019'),
('ce01078','J08','ai00019'),
('ce01079','J09','ai00019'),
('ce01080','J10','ai00019'),
('ce01081','E01','ai00020'),
('ce01082','E02','ai00020'),
('ce01083','E03','ai00020'),
('ce01084','E04','ai00020'),
('ce01085','E05','ai00020'),
('ce01086','E06','ai00020'),
('ce01087','E07','ai00020'),
('ce01088','E08','ai00020'),
('ce01089','E09','ai00020'),
('ce01090','E10','ai00020'),
('ce01091','F01','ai00020'),
('ce01092','F02','ai00020'),
('ce01093','F03','ai00020'),
('ce01094','F04','ai00020'),
('ce01095','F05','ai00020'),
('ce01096','F06','ai00020'),
('ce01097','F07','ai00020'),
('ce01098','F08','ai00020'),
('ce01099','F09','ai00020'),
('ce01100','F10','ai00020'),
('ce01101','G01','ai00020'),
('ce01102','G02','ai00020'),
('ce01103','G03','ai00020'),
('ce01104','G04','ai00020'),
('ce01105','G05','ai00020'),
('ce01106','G06','ai00020'),
('ce01107','G07','ai00020'),
('ce01108','G08','ai00020'),
('ce01109','G09','ai00020'),
('ce01110','G10','ai00020'),
('ce01111','H01','ai00020'),
('ce01112','H02','ai00020'),
('ce01113','H03','ai00020'),
('ce01114','H04','ai00020'),
('ce01115','H05','ai00020'),
('ce01116','H06','ai00020'),
('ce01117','H07','ai00020'),
('ce01118','H08','ai00020'),
('ce01119','H09','ai00020'),
('ce01120','H10','ai00020'),
('ce01121','I01','ai00020'),
('ce01122','I02','ai00020'),
('ce01123','I03','ai00020'),
('ce01124','I04','ai00020'),
('ce01125','I05','ai00020'),
('ce01126','I06','ai00020'),
('ce01127','I07','ai00020'),
('ce01128','I08','ai00020'),
('ce01129','I09','ai00020'),
('ce01130','I10','ai00020'),
('ce01131','J01','ai00020'),
('ce01132','J02','ai00020'),
('ce01133','J03','ai00020'),
('ce01134','J04','ai00020'),
('ce01135','J05','ai00020'),
('ce01136','J06','ai00020'),
('ce01137','J07','ai00020'),
('ce01138','J08','ai00020'),
('ce01139','J09','ai00020'),
('ce01140','J10','ai00020'),
('ce01141','E01','ai00021'),
('ce01142','E02','ai00021'),
('ce01143','E03','ai00021'),
('ce01144','E04','ai00021'),
('ce01145','E05','ai00021'),
('ce01146','E06','ai00021'),
('ce01147','E07','ai00021'),
('ce01148','E08','ai00021'),
('ce01149','E09','ai00021'),
('ce01150','E10','ai00021'),
('ce01151','F01','ai00021'),
('ce01152','F02','ai00021'),
('ce01153','F03','ai00021'),
('ce01154','F04','ai00021'),
('ce01155','F05','ai00021'),
('ce01156','F06','ai00021'),
('ce01157','F07','ai00021'),
('ce01158','F08','ai00021'),
('ce01159','F09','ai00021'),
('ce01160','F10','ai00021'),
('ce01161','G01','ai00021'),
('ce01162','G02','ai00021'),
('ce01163','G03','ai00021'),
('ce01164','G04','ai00021'),
('ce01165','G05','ai00021'),
('ce01166','G06','ai00021'),
('ce01167','G07','ai00021'),
('ce01168','G08','ai00021'),
('ce01169','G09','ai00021'),
('ce01170','G10','ai00021'),
('ce01171','H01','ai00021'),
('ce01172','H02','ai00021'),
('ce01173','H03','ai00021'),
('ce01174','H04','ai00021'),
('ce01175','H05','ai00021'),
('ce01176','H06','ai00021'),
('ce01177','H07','ai00021'),
('ce01178','H08','ai00021'),
('ce01179','H09','ai00021'),
('ce01180','H10','ai00021'),
('ce01181','I01','ai00021'),
('ce01182','I02','ai00021'),
('ce01183','I03','ai00021'),
('ce01184','I04','ai00021'),
('ce01185','I05','ai00021'),
('ce01186','I06','ai00021'),
('ce01187','I07','ai00021'),
('ce01188','I08','ai00021'),
('ce01189','I09','ai00021'),
('ce01190','I10','ai00021'),
('ce01191','J01','ai00021'),
('ce01192','J02','ai00021'),
('ce01193','J03','ai00021'),
('ce01194','J04','ai00021'),
('ce01195','J05','ai00021'),
('ce01196','J06','ai00021'),
('ce01197','J07','ai00021'),
('ce01198','J08','ai00021'),
('ce01199','J09','ai00021'),
('ce01200','J10','ai00021'),
('ce01201','E01','ai00022'),
('ce01202','E02','ai00022'),
('ce01203','E03','ai00022'),
('ce01204','E04','ai00022'),
('ce01205','E05','ai00022'),
('ce01206','E06','ai00022'),
('ce01207','E07','ai00022'),
('ce01208','E08','ai00022'),
('ce01209','E09','ai00022'),
('ce01210','E10','ai00022'),
('ce01211','F01','ai00022'),
('ce01212','F02','ai00022'),
('ce01213','F03','ai00022'),
('ce01214','F04','ai00022'),
('ce01215','F05','ai00022'),
('ce01216','F06','ai00022'),
('ce01217','F07','ai00022'),
('ce01218','F08','ai00022'),
('ce01219','F09','ai00022'),
('ce01220','F10','ai00022'),
('ce01221','G01','ai00022'),
('ce01222','G02','ai00022'),
('ce01223','G03','ai00022'),
('ce01224','G04','ai00022'),
('ce01225','G05','ai00022'),
('ce01226','G06','ai00022'),
('ce01227','G07','ai00022'),
('ce01228','G08','ai00022'),
('ce01229','G09','ai00022'),
('ce01230','G10','ai00022'),
('ce01231','H01','ai00022'),
('ce01232','H02','ai00022'),
('ce01233','H03','ai00022'),
('ce01234','H04','ai00022'),
('ce01235','H05','ai00022'),
('ce01236','H06','ai00022'),
('ce01237','H07','ai00022'),
('ce01238','H08','ai00022'),
('ce01239','H09','ai00022'),
('ce01240','H10','ai00022'),
('ce01241','I01','ai00022'),
('ce01242','I02','ai00022'),
('ce01243','I03','ai00022'),
('ce01244','I04','ai00022'),
('ce01245','I05','ai00022'),
('ce01246','I06','ai00022'),
('ce01247','I07','ai00022'),
('ce01248','I08','ai00022'),
('ce01249','I09','ai00022'),
('ce01250','I10','ai00022'),
('ce01251','J01','ai00022'),
('ce01252','J02','ai00022'),
('ce01253','J03','ai00022'),
('ce01254','J04','ai00022'),
('ce01255','J05','ai00022'),
('ce01256','J06','ai00022'),
('ce01257','J07','ai00022'),
('ce01258','J08','ai00022'),
('ce01259','J09','ai00022'),
('ce01260','J10','ai00022'),
('ce01261','E01','ai00023'),
('ce01262','E02','ai00023'),
('ce01263','E03','ai00023'),
('ce01264','E04','ai00023'),
('ce01265','E05','ai00023'),
('ce01266','E06','ai00023'),
('ce01267','E07','ai00023'),
('ce01268','E08','ai00023'),
('ce01269','E09','ai00023'),
('ce01270','E10','ai00023'),
('ce01271','F01','ai00023'),
('ce01272','F02','ai00023'),
('ce01273','F03','ai00023'),
('ce01274','F04','ai00023'),
('ce01275','F05','ai00023'),
('ce01276','F06','ai00023'),
('ce01277','F07','ai00023'),
('ce01278','F08','ai00023'),
('ce01279','F09','ai00023'),
('ce01280','F10','ai00023'),
('ce01281','G01','ai00023'),
('ce01282','G02','ai00023'),
('ce01283','G03','ai00023'),
('ce01284','G04','ai00023'),
('ce01285','G05','ai00023'),
('ce01286','G06','ai00023'),
('ce01287','G07','ai00023'),
('ce01288','G08','ai00023'),
('ce01289','G09','ai00023'),
('ce01290','G10','ai00023'),
('ce01291','H01','ai00023'),
('ce01292','H02','ai00023'),
('ce01293','H03','ai00023'),
('ce01294','H04','ai00023'),
('ce01295','H05','ai00023'),
('ce01296','H06','ai00023'),
('ce01297','H07','ai00023'),
('ce01298','H08','ai00023'),
('ce01299','H09','ai00023'),
('ce01300','H10','ai00023'),
('ce01301','I01','ai00023'),
('ce01302','I02','ai00023'),
('ce01303','I03','ai00023'),
('ce01304','I04','ai00023'),
('ce01305','I05','ai00023'),
('ce01306','I06','ai00023'),
('ce01307','I07','ai00023'),
('ce01308','I08','ai00023'),
('ce01309','I09','ai00023'),
('ce01310','I10','ai00023'),
('ce01311','J01','ai00023'),
('ce01312','J02','ai00023'),
('ce01313','J03','ai00023'),
('ce01314','J04','ai00023'),
('ce01315','J05','ai00023'),
('ce01316','J06','ai00023'),
('ce01317','J07','ai00023'),
('ce01318','J08','ai00023'),
('ce01319','J09','ai00023'),
('ce01320','J10','ai00023'),
('ce01321','E01','ai00024'),
('ce01322','E02','ai00024'),
('ce01323','E03','ai00024'),
('ce01324','E04','ai00024'),
('ce01325','E05','ai00024'),
('ce01326','E06','ai00024'),
('ce01327','E07','ai00024'),
('ce01328','E08','ai00024'),
('ce01329','E09','ai00024'),
('ce01330','E10','ai00024'),
('ce01331','F01','ai00024'),
('ce01332','F02','ai00024'),
('ce01333','F03','ai00024'),
('ce01334','F04','ai00024'),
('ce01335','F05','ai00024'),
('ce01336','F06','ai00024'),
('ce01337','F07','ai00024'),
('ce01338','F08','ai00024'),
('ce01339','F09','ai00024'),
('ce01340','F10','ai00024'),
('ce01341','G01','ai00024'),
('ce01342','G02','ai00024'),
('ce01343','G03','ai00024'),
('ce01344','G04','ai00024'),
('ce01345','G05','ai00024'),
('ce01346','G06','ai00024'),
('ce01347','G07','ai00024'),
('ce01348','G08','ai00024'),
('ce01349','G09','ai00024'),
('ce01350','G10','ai00024'),
('ce01351','H01','ai00024'),
('ce01352','H02','ai00024'),
('ce01353','H03','ai00024'),
('ce01354','H04','ai00024'),
('ce01355','H05','ai00024'),
('ce01356','H06','ai00024'),
('ce01357','H07','ai00024'),
('ce01358','H08','ai00024'),
('ce01359','H09','ai00024'),
('ce01360','H10','ai00024'),
('ce01361','I01','ai00024'),
('ce01362','I02','ai00024'),
('ce01363','I03','ai00024'),
('ce01364','I04','ai00024'),
('ce01365','I05','ai00024'),
('ce01366','I06','ai00024'),
('ce01367','I07','ai00024'),
('ce01368','I08','ai00024'),
('ce01369','I09','ai00024'),
('ce01370','I10','ai00024'),
('ce01371','J01','ai00024'),
('ce01372','J02','ai00024'),
('ce01373','J03','ai00024'),
('ce01374','J04','ai00024'),
('ce01375','J05','ai00024'),
('ce01376','J06','ai00024'),
('ce01377','J07','ai00024'),
('ce01378','J08','ai00024'),
('ce01379','J09','ai00024'),
('ce01380','J10','ai00024'),
('ce01381','E01','ai00025'),
('ce01382','E02','ai00025'),
('ce01383','E03','ai00025'),
('ce01384','E04','ai00025'),
('ce01385','E05','ai00025'),
('ce01386','E06','ai00025'),
('ce01387','E07','ai00025'),
('ce01388','E08','ai00025'),
('ce01389','E09','ai00025'),
('ce01390','E10','ai00025'),
('ce01391','F01','ai00025'),
('ce01392','F02','ai00025'),
('ce01393','F03','ai00025'),
('ce01394','F04','ai00025'),
('ce01395','F05','ai00025'),
('ce01396','F06','ai00025'),
('ce01397','F07','ai00025'),
('ce01398','F08','ai00025'),
('ce01399','F09','ai00025'),
('ce01400','F10','ai00025'),
('ce01401','G01','ai00025'),
('ce01402','G02','ai00025'),
('ce01403','G03','ai00025'),
('ce01404','G04','ai00025'),
('ce01405','G05','ai00025'),
('ce01406','G06','ai00025'),
('ce01407','G07','ai00025'),
('ce01408','G08','ai00025'),
('ce01409','G09','ai00025'),
('ce01410','G10','ai00025'),
('ce01411','H01','ai00025'),
('ce01412','H02','ai00025'),
('ce01413','H03','ai00025'),
('ce01414','H04','ai00025'),
('ce01415','H05','ai00025'),
('ce01416','H06','ai00025'),
('ce01417','H07','ai00025'),
('ce01418','H08','ai00025'),
('ce01419','H09','ai00025'),
('ce01420','H10','ai00025'),
('ce01421','I01','ai00025'),
('ce01422','I02','ai00025'),
('ce01423','I03','ai00025'),
('ce01424','I04','ai00025'),
('ce01425','I05','ai00025'),
('ce01426','I06','ai00025'),
('ce01427','I07','ai00025'),
('ce01428','I08','ai00025'),
('ce01429','I09','ai00025'),
('ce01430','I10','ai00025'),
('ce01431','J01','ai00025'),
('ce01432','J02','ai00025'),
('ce01433','J03','ai00025'),
('ce01434','J04','ai00025'),
('ce01435','J05','ai00025'),
('ce01436','J06','ai00025'),
('ce01437','J07','ai00025'),
('ce01438','J08','ai00025'),
('ce01439','J09','ai00025'),
('ce01440','J10','ai00025'),
('ce01441','E01','ai00026'),
('ce01442','E02','ai00026'),
('ce01443','E03','ai00026'),
('ce01444','E04','ai00026'),
('ce01445','E05','ai00026'),
('ce01446','E06','ai00026'),
('ce01447','E07','ai00026'),
('ce01448','E08','ai00026'),
('ce01449','E09','ai00026'),
('ce01450','E10','ai00026'),
('ce01451','F01','ai00026'),
('ce01452','F02','ai00026'),
('ce01453','F03','ai00026'),
('ce01454','F04','ai00026'),
('ce01455','F05','ai00026'),
('ce01456','F06','ai00026'),
('ce01457','F07','ai00026'),
('ce01458','F08','ai00026'),
('ce01459','F09','ai00026'),
('ce01460','F10','ai00026'),
('ce01461','G01','ai00026'),
('ce01462','G02','ai00026'),
('ce01463','G03','ai00026'),
('ce01464','G04','ai00026'),
('ce01465','G05','ai00026'),
('ce01466','G06','ai00026'),
('ce01467','G07','ai00026'),
('ce01468','G08','ai00026'),
('ce01469','G09','ai00026'),
('ce01470','G10','ai00026'),
('ce01471','H01','ai00026'),
('ce01472','H02','ai00026'),
('ce01473','H03','ai00026'),
('ce01474','H04','ai00026'),
('ce01475','H05','ai00026'),
('ce01476','H06','ai00026'),
('ce01477','H07','ai00026'),
('ce01478','H08','ai00026'),
('ce01479','H09','ai00026'),
('ce01480','H10','ai00026'),
('ce01481','I01','ai00026'),
('ce01482','I02','ai00026'),
('ce01483','I03','ai00026'),
('ce01484','I04','ai00026'),
('ce01485','I05','ai00026'),
('ce01486','I06','ai00026'),
('ce01487','I07','ai00026'),
('ce01488','I08','ai00026'),
('ce01489','I09','ai00026'),
('ce01490','I10','ai00026'),
('ce01491','J01','ai00026'),
('ce01492','J02','ai00026'),
('ce01493','J03','ai00026'),
('ce01494','J04','ai00026'),
('ce01495','J05','ai00026'),
('ce01496','J06','ai00026'),
('ce01497','J07','ai00026'),
('ce01498','J08','ai00026'),
('ce01499','J09','ai00026'),
('ce01500','J10','ai00026'),
('ce01501','E01','ai00027'),
('ce01502','E02','ai00027'),
('ce01503','E03','ai00027'),
('ce01504','E04','ai00027'),
('ce01505','E05','ai00027'),
('ce01506','E06','ai00027'),
('ce01507','E07','ai00027'),
('ce01508','E08','ai00027'),
('ce01509','E09','ai00027'),
('ce01510','E10','ai00027'),
('ce01511','F01','ai00027'),
('ce01512','F02','ai00027'),
('ce01513','F03','ai00027'),
('ce01514','F04','ai00027'),
('ce01515','F05','ai00027'),
('ce01516','F06','ai00027'),
('ce01517','F07','ai00027'),
('ce01518','F08','ai00027'),
('ce01519','F09','ai00027'),
('ce01520','F10','ai00027'),
('ce01521','G01','ai00027'),
('ce01522','G02','ai00027'),
('ce01523','G03','ai00027'),
('ce01524','G04','ai00027'),
('ce01525','G05','ai00027'),
('ce01526','G06','ai00027'),
('ce01527','G07','ai00027'),
('ce01528','G08','ai00027'),
('ce01529','G09','ai00027'),
('ce01530','G10','ai00027'),
('ce01531','H01','ai00027'),
('ce01532','H02','ai00027'),
('ce01533','H03','ai00027'),
('ce01534','H04','ai00027'),
('ce01535','H05','ai00027'),
('ce01536','H06','ai00027'),
('ce01537','H07','ai00027'),
('ce01538','H08','ai00027'),
('ce01539','H09','ai00027'),
('ce01540','H10','ai00027'),
('ce01541','I01','ai00027'),
('ce01542','I02','ai00027'),
('ce01543','I03','ai00027'),
('ce01544','I04','ai00027'),
('ce01545','I05','ai00027'),
('ce01546','I06','ai00027'),
('ce01547','I07','ai00027'),
('ce01548','I08','ai00027'),
('ce01549','I09','ai00027'),
('ce01550','I10','ai00027'),
('ce01551','J01','ai00027'),
('ce01552','J02','ai00027'),
('ce01553','J03','ai00027'),
('ce01554','J04','ai00027'),
('ce01555','J05','ai00027'),
('ce01556','J06','ai00027'),
('ce01557','J07','ai00027'),
('ce01558','J08','ai00027'),
('ce01559','J09','ai00027'),
('ce01560','J10','ai00027'),
('ce01561','E01','ai00028'),
('ce01562','E02','ai00028'),
('ce01563','E03','ai00028'),
('ce01564','E04','ai00028'),
('ce01565','E05','ai00028'),
('ce01566','E06','ai00028'),
('ce01567','E07','ai00028'),
('ce01568','E08','ai00028'),
('ce01569','E09','ai00028'),
('ce01570','E10','ai00028'),
('ce01571','F01','ai00028'),
('ce01572','F02','ai00028'),
('ce01573','F03','ai00028'),
('ce01574','F04','ai00028'),
('ce01575','F05','ai00028'),
('ce01576','F06','ai00028'),
('ce01577','F07','ai00028'),
('ce01578','F08','ai00028'),
('ce01579','F09','ai00028'),
('ce01580','F10','ai00028'),
('ce01581','G01','ai00028'),
('ce01582','G02','ai00028'),
('ce01583','G03','ai00028'),
('ce01584','G04','ai00028'),
('ce01585','G05','ai00028'),
('ce01586','G06','ai00028'),
('ce01587','G07','ai00028'),
('ce01588','G08','ai00028'),
('ce01589','G09','ai00028'),
('ce01590','G10','ai00028'),
('ce01591','H01','ai00028'),
('ce01592','H02','ai00028'),
('ce01593','H03','ai00028'),
('ce01594','H04','ai00028'),
('ce01595','H05','ai00028'),
('ce01596','H06','ai00028'),
('ce01597','H07','ai00028'),
('ce01598','H08','ai00028'),
('ce01599','H09','ai00028'),
('ce01600','H10','ai00028'),
('ce01601','I01','ai00028'),
('ce01602','I02','ai00028'),
('ce01603','I03','ai00028'),
('ce01604','I04','ai00028'),
('ce01605','I05','ai00028'),
('ce01606','I06','ai00028'),
('ce01607','I07','ai00028'),
('ce01608','I08','ai00028'),
('ce01609','I09','ai00028'),
('ce01610','I10','ai00028'),
('ce01611','J01','ai00028'),
('ce01612','J02','ai00028'),
('ce01613','J03','ai00028'),
('ce01614','J04','ai00028'),
('ce01615','J05','ai00028'),
('ce01616','J06','ai00028'),
('ce01617','J07','ai00028'),
('ce01618','J08','ai00028'),
('ce01619','J09','ai00028'),
('ce01620','J10','ai00028'),
('ce01621','E01','ai00029'),
('ce01622','E02','ai00029'),
('ce01623','E03','ai00029'),
('ce01624','E04','ai00029'),
('ce01625','E05','ai00029'),
('ce01626','E06','ai00029'),
('ce01627','E07','ai00029'),
('ce01628','E08','ai00029'),
('ce01629','E09','ai00029'),
('ce01630','E10','ai00029'),
('ce01631','F01','ai00029'),
('ce01632','F02','ai00029'),
('ce01633','F03','ai00029'),
('ce01634','F04','ai00029'),
('ce01635','F05','ai00029'),
('ce01636','F06','ai00029'),
('ce01637','F07','ai00029'),
('ce01638','F08','ai00029'),
('ce01639','F09','ai00029'),
('ce01640','F10','ai00029'),
('ce01641','G01','ai00029'),
('ce01642','G02','ai00029'),
('ce01643','G03','ai00029'),
('ce01644','G04','ai00029'),
('ce01645','G05','ai00029'),
('ce01646','G06','ai00029'),
('ce01647','G07','ai00029'),
('ce01648','G08','ai00029'),
('ce01649','G09','ai00029'),
('ce01650','G10','ai00029'),
('ce01651','H01','ai00029'),
('ce01652','H02','ai00029'),
('ce01653','H03','ai00029'),
('ce01654','H04','ai00029'),
('ce01655','H05','ai00029'),
('ce01656','H06','ai00029'),
('ce01657','H07','ai00029'),
('ce01658','H08','ai00029'),
('ce01659','H09','ai00029'),
('ce01660','H10','ai00029'),
('ce01661','I01','ai00029'),
('ce01662','I02','ai00029'),
('ce01663','I03','ai00029'),
('ce01664','I04','ai00029'),
('ce01665','I05','ai00029'),
('ce01666','I06','ai00029'),
('ce01667','I07','ai00029'),
('ce01668','I08','ai00029'),
('ce01669','I09','ai00029'),
('ce01670','I10','ai00029'),
('ce01671','J01','ai00029'),
('ce01672','J02','ai00029'),
('ce01673','J03','ai00029'),
('ce01674','J04','ai00029'),
('ce01675','J05','ai00029'),
('ce01676','J06','ai00029'),
('ce01677','J07','ai00029'),
('ce01678','J08','ai00029'),
('ce01679','J09','ai00029'),
('ce01680','J10','ai00029'),
('ce01681','E01','ai00030'),
('ce01682','E02','ai00030'),
('ce01683','E03','ai00030'),
('ce01684','E04','ai00030'),
('ce01685','E05','ai00030'),
('ce01686','E06','ai00030'),
('ce01687','E07','ai00030'),
('ce01688','E08','ai00030'),
('ce01689','E09','ai00030'),
('ce01690','E10','ai00030'),
('ce01691','F01','ai00030'),
('ce01692','F02','ai00030'),
('ce01693','F03','ai00030'),
('ce01694','F04','ai00030'),
('ce01695','F05','ai00030'),
('ce01696','F06','ai00030'),
('ce01697','F07','ai00030'),
('ce01698','F08','ai00030'),
('ce01699','F09','ai00030'),
('ce01700','F10','ai00030'),
('ce01701','G01','ai00030'),
('ce01702','G02','ai00030'),
('ce01703','G03','ai00030'),
('ce01704','G04','ai00030'),
('ce01705','G05','ai00030'),
('ce01706','G06','ai00030'),
('ce01707','G07','ai00030'),
('ce01708','G08','ai00030'),
('ce01709','G09','ai00030'),
('ce01710','G10','ai00030'),
('ce01711','H01','ai00030'),
('ce01712','H02','ai00030'),
('ce01713','H03','ai00030'),
('ce01714','H04','ai00030'),
('ce01715','H05','ai00030'),
('ce01716','H06','ai00030'),
('ce01717','H07','ai00030'),
('ce01718','H08','ai00030'),
('ce01719','H09','ai00030'),
('ce01720','H10','ai00030'),
('ce01721','I01','ai00030'),
('ce01722','I02','ai00030'),
('ce01723','I03','ai00030'),
('ce01724','I04','ai00030'),
('ce01725','I05','ai00030'),
('ce01726','I06','ai00030'),
('ce01727','I07','ai00030'),
('ce01728','I08','ai00030'),
('ce01729','I09','ai00030'),
('ce01730','I10','ai00030'),
('ce01731','J01','ai00030'),
('ce01732','J02','ai00030'),
('ce01733','J03','ai00030'),
('ce01734','J04','ai00030'),
('ce01735','J05','ai00030'),
('ce01736','J06','ai00030'),
('ce01737','J07','ai00030'),
('ce01738','J08','ai00030'),
('ce01739','J09','ai00030'),
('ce01740','J10','ai00030'),
('ce01741','E01','ai00031'),
('ce01742','E02','ai00031'),
('ce01743','E03','ai00031'),
('ce01744','E04','ai00031'),
('ce01745','E05','ai00031'),
('ce01746','E06','ai00031'),
('ce01747','E07','ai00031'),
('ce01748','E08','ai00031'),
('ce01749','E09','ai00031'),
('ce01750','E10','ai00031'),
('ce01751','F01','ai00031'),
('ce01752','F02','ai00031'),
('ce01753','F03','ai00031'),
('ce01754','F04','ai00031'),
('ce01755','F05','ai00031'),
('ce01756','F06','ai00031'),
('ce01757','F07','ai00031'),
('ce01758','F08','ai00031'),
('ce01759','F09','ai00031'),
('ce01760','F10','ai00031'),
('ce01761','G01','ai00031'),
('ce01762','G02','ai00031'),
('ce01763','G03','ai00031'),
('ce01764','G04','ai00031'),
('ce01765','G05','ai00031'),
('ce01766','G06','ai00031'),
('ce01767','G07','ai00031'),
('ce01768','G08','ai00031'),
('ce01769','G09','ai00031'),
('ce01770','G10','ai00031'),
('ce01771','H01','ai00031'),
('ce01772','H02','ai00031'),
('ce01773','H03','ai00031'),
('ce01774','H04','ai00031'),
('ce01775','H05','ai00031'),
('ce01776','H06','ai00031'),
('ce01777','H07','ai00031'),
('ce01778','H08','ai00031'),
('ce01779','H09','ai00031'),
('ce01780','H10','ai00031'),
('ce01781','I01','ai00031'),
('ce01782','I02','ai00031'),
('ce01783','I03','ai00031'),
('ce01784','I04','ai00031'),
('ce01785','I05','ai00031'),
('ce01786','I06','ai00031'),
('ce01787','I07','ai00031'),
('ce01788','I08','ai00031'),
('ce01789','I09','ai00031'),
('ce01790','I10','ai00031'),
('ce01791','J01','ai00031'),
('ce01792','J02','ai00031'),
('ce01793','J03','ai00031'),
('ce01794','J04','ai00031'),
('ce01795','J05','ai00031'),
('ce01796','J06','ai00031'),
('ce01797','J07','ai00031'),
('ce01798','J08','ai00031'),
('ce01799','J09','ai00031'),
('ce01800','J10','ai00031'),
('ce01801','E01','ai00032'),
('ce01802','E02','ai00032'),
('ce01803','E03','ai00032'),
('ce01804','E04','ai00032'),
('ce01805','E05','ai00032'),
('ce01806','E06','ai00032'),
('ce01807','E07','ai00032'),
('ce01808','E08','ai00032'),
('ce01809','E09','ai00032'),
('ce01810','E10','ai00032'),
('ce01811','F01','ai00032'),
('ce01812','F02','ai00032'),
('ce01813','F03','ai00032'),
('ce01814','F04','ai00032'),
('ce01815','F05','ai00032'),
('ce01816','F06','ai00032'),
('ce01817','F07','ai00032'),
('ce01818','F08','ai00032'),
('ce01819','F09','ai00032'),
('ce01820','F10','ai00032'),
('ce01821','G01','ai00032'),
('ce01822','G02','ai00032'),
('ce01823','G03','ai00032'),
('ce01824','G04','ai00032'),
('ce01825','G05','ai00032'),
('ce01826','G06','ai00032'),
('ce01827','G07','ai00032'),
('ce01828','G08','ai00032'),
('ce01829','G09','ai00032'),
('ce01830','G10','ai00032'),
('ce01831','H01','ai00032'),
('ce01832','H02','ai00032'),
('ce01833','H03','ai00032'),
('ce01834','H04','ai00032'),
('ce01835','H05','ai00032'),
('ce01836','H06','ai00032'),
('ce01837','H07','ai00032'),
('ce01838','H08','ai00032'),
('ce01839','H09','ai00032'),
('ce01840','H10','ai00032'),
('ce01841','I01','ai00032'),
('ce01842','I02','ai00032'),
('ce01843','I03','ai00032'),
('ce01844','I04','ai00032'),
('ce01845','I05','ai00032'),
('ce01846','I06','ai00032'),
('ce01847','I07','ai00032'),
('ce01848','I08','ai00032'),
('ce01849','I09','ai00032'),
('ce01850','I10','ai00032'),
('ce01851','J01','ai00032'),
('ce01852','J02','ai00032'),
('ce01853','J03','ai00032'),
('ce01854','J04','ai00032'),
('ce01855','J05','ai00032'),
('ce01856','J06','ai00032'),
('ce01857','J07','ai00032'),
('ce01858','J08','ai00032'),
('ce01859','J09','ai00032'),
('ce01860','J10','ai00032'),
('ce01861','E01','ai00033'),
('ce01862','E02','ai00033'),
('ce01863','E03','ai00033'),
('ce01864','E04','ai00033'),
('ce01865','E05','ai00033'),
('ce01866','E06','ai00033'),
('ce01867','E07','ai00033'),
('ce01868','E08','ai00033'),
('ce01869','E09','ai00033'),
('ce01870','E10','ai00033'),
('ce01871','F01','ai00033'),
('ce01872','F02','ai00033'),
('ce01873','F03','ai00033'),
('ce01874','F04','ai00033'),
('ce01875','F05','ai00033'),
('ce01876','F06','ai00033'),
('ce01877','F07','ai00033'),
('ce01878','F08','ai00033'),
('ce01879','F09','ai00033'),
('ce01880','F10','ai00033'),
('ce01881','G01','ai00033'),
('ce01882','G02','ai00033'),
('ce01883','G03','ai00033'),
('ce01884','G04','ai00033'),
('ce01885','G05','ai00033'),
('ce01886','G06','ai00033'),
('ce01887','G07','ai00033'),
('ce01888','G08','ai00033'),
('ce01889','G09','ai00033'),
('ce01890','G10','ai00033'),
('ce01891','H01','ai00033'),
('ce01892','H02','ai00033'),
('ce01893','H03','ai00033'),
('ce01894','H04','ai00033'),
('ce01895','H05','ai00033'),
('ce01896','H06','ai00033'),
('ce01897','H07','ai00033'),
('ce01898','H08','ai00033'),
('ce01899','H09','ai00033'),
('ce01900','H10','ai00033'),
('ce01901','I01','ai00033'),
('ce01902','I02','ai00033'),
('ce01903','I03','ai00033'),
('ce01904','I04','ai00033'),
('ce01905','I05','ai00033'),
('ce01906','I06','ai00033'),
('ce01907','I07','ai00033'),
('ce01908','I08','ai00033'),
('ce01909','I09','ai00033'),
('ce01910','I10','ai00033'),
('ce01911','J01','ai00033'),
('ce01912','J02','ai00033'),
('ce01913','J03','ai00033'),
('ce01914','J04','ai00033'),
('ce01915','J05','ai00033'),
('ce01916','J06','ai00033'),
('ce01917','J07','ai00033'),
('ce01918','J08','ai00033'),
('ce01919','J09','ai00033'),
('ce01920','J10','ai00033'),
('ce01921','E01','ai00034'),
('ce01922','E02','ai00034'),
('ce01923','E03','ai00034'),
('ce01924','E04','ai00034'),
('ce01925','E05','ai00034'),
('ce01926','E06','ai00034'),
('ce01927','E07','ai00034'),
('ce01928','E08','ai00034'),
('ce01929','E09','ai00034'),
('ce01930','E10','ai00034'),
('ce01931','F01','ai00034'),
('ce01932','F02','ai00034'),
('ce01933','F03','ai00034'),
('ce01934','F04','ai00034'),
('ce01935','F05','ai00034'),
('ce01936','F06','ai00034'),
('ce01937','F07','ai00034'),
('ce01938','F08','ai00034'),
('ce01939','F09','ai00034'),
('ce01940','F10','ai00034'),
('ce01941','G01','ai00034'),
('ce01942','G02','ai00034'),
('ce01943','G03','ai00034'),
('ce01944','G04','ai00034'),
('ce01945','G05','ai00034'),
('ce01946','G06','ai00034'),
('ce01947','G07','ai00034'),
('ce01948','G08','ai00034'),
('ce01949','G09','ai00034'),
('ce01950','G10','ai00034'),
('ce01951','H01','ai00034'),
('ce01952','H02','ai00034'),
('ce01953','H03','ai00034'),
('ce01954','H04','ai00034'),
('ce01955','H05','ai00034'),
('ce01956','H06','ai00034'),
('ce01957','H07','ai00034'),
('ce01958','H08','ai00034'),
('ce01959','H09','ai00034'),
('ce01960','H10','ai00034'),
('ce01961','I01','ai00034'),
('ce01962','I02','ai00034'),
('ce01963','I03','ai00034'),
('ce01964','I04','ai00034'),
('ce01965','I05','ai00034'),
('ce01966','I06','ai00034'),
('ce01967','I07','ai00034'),
('ce01968','I08','ai00034'),
('ce01969','I09','ai00034'),
('ce01970','I10','ai00034'),
('ce01971','J01','ai00034'),
('ce01972','J02','ai00034'),
('ce01973','J03','ai00034'),
('ce01974','J04','ai00034'),
('ce01975','J05','ai00034'),
('ce01976','J06','ai00034'),
('ce01977','J07','ai00034'),
('ce01978','J08','ai00034'),
('ce01979','J09','ai00034'),
('ce01980','J10','ai00034'),
('ce01981','E01','ai00035'),
('ce01982','E02','ai00035'),
('ce01983','E03','ai00035'),
('ce01984','E04','ai00035'),
('ce01985','E05','ai00035'),
('ce01986','E06','ai00035'),
('ce01987','E07','ai00035'),
('ce01988','E08','ai00035'),
('ce01989','E09','ai00035'),
('ce01990','E10','ai00035'),
('ce01991','F01','ai00035'),
('ce01992','F02','ai00035'),
('ce01993','F03','ai00035'),
('ce01994','F04','ai00035'),
('ce01995','F05','ai00035'),
('ce01996','F06','ai00035'),
('ce01997','F07','ai00035'),
('ce01998','F08','ai00035'),
('ce01999','F09','ai00035'),
('ce02000','F10','ai00035'),
('ce02001','G01','ai00035'),
('ce02002','G02','ai00035'),
('ce02003','G03','ai00035'),
('ce02004','G04','ai00035'),
('ce02005','G05','ai00035'),
('ce02006','G06','ai00035'),
('ce02007','G07','ai00035'),
('ce02008','G08','ai00035'),
('ce02009','G09','ai00035'),
('ce02010','G10','ai00035'),
('ce02011','H01','ai00035'),
('ce02012','H02','ai00035'),
('ce02013','H03','ai00035'),
('ce02014','H04','ai00035'),
('ce02015','H05','ai00035'),
('ce02016','H06','ai00035'),
('ce02017','H07','ai00035'),
('ce02018','H08','ai00035'),
('ce02019','H09','ai00035'),
('ce02020','H10','ai00035'),
('ce02021','I01','ai00035'),
('ce02022','I02','ai00035'),
('ce02023','I03','ai00035'),
('ce02024','I04','ai00035'),
('ce02025','I05','ai00035'),
('ce02026','I06','ai00035'),
('ce02027','I07','ai00035'),
('ce02028','I08','ai00035'),
('ce02029','I09','ai00035'),
('ce02030','I10','ai00035'),
('ce02031','J01','ai00035'),
('ce02032','J02','ai00035'),
('ce02033','J03','ai00035'),
('ce02034','J04','ai00035'),
('ce02035','J05','ai00035'),
('ce02036','J06','ai00035'),
('ce02037','J07','ai00035'),
('ce02038','J08','ai00035'),
('ce02039','J09','ai00035'),
('ce02040','J10','ai00035'),
('ce02041','E01','ai00036'),
('ce02042','E02','ai00036'),
('ce02043','E03','ai00036'),
('ce02044','E04','ai00036'),
('ce02045','E05','ai00036'),
('ce02046','E06','ai00036'),
('ce02047','E07','ai00036'),
('ce02048','E08','ai00036'),
('ce02049','E09','ai00036'),
('ce02050','E10','ai00036'),
('ce02051','F01','ai00036'),
('ce02052','F02','ai00036'),
('ce02053','F03','ai00036'),
('ce02054','F04','ai00036'),
('ce02055','F05','ai00036'),
('ce02056','F06','ai00036'),
('ce02057','F07','ai00036'),
('ce02058','F08','ai00036'),
('ce02059','F09','ai00036'),
('ce02060','F10','ai00036'),
('ce02061','G01','ai00036'),
('ce02062','G02','ai00036'),
('ce02063','G03','ai00036'),
('ce02064','G04','ai00036'),
('ce02065','G05','ai00036'),
('ce02066','G06','ai00036'),
('ce02067','G07','ai00036'),
('ce02068','G08','ai00036'),
('ce02069','G09','ai00036'),
('ce02070','G10','ai00036'),
('ce02071','H01','ai00036'),
('ce02072','H02','ai00036'),
('ce02073','H03','ai00036'),
('ce02074','H04','ai00036'),
('ce02075','H05','ai00036'),
('ce02076','H06','ai00036'),
('ce02077','H07','ai00036'),
('ce02078','H08','ai00036'),
('ce02079','H09','ai00036'),
('ce02080','H10','ai00036'),
('ce02081','I01','ai00036'),
('ce02082','I02','ai00036'),
('ce02083','I03','ai00036'),
('ce02084','I04','ai00036'),
('ce02085','I05','ai00036'),
('ce02086','I06','ai00036'),
('ce02087','I07','ai00036'),
('ce02088','I08','ai00036'),
('ce02089','I09','ai00036'),
('ce02090','I10','ai00036'),
('ce02091','J01','ai00036'),
('ce02092','J02','ai00036'),
('ce02093','J03','ai00036'),
('ce02094','J04','ai00036'),
('ce02095','J05','ai00036'),
('ce02096','J06','ai00036'),
('ce02097','J07','ai00036'),
('ce02098','J08','ai00036'),
('ce02099','J09','ai00036'),
('ce02100','J10','ai00036'),
('ce02101','E01','ai00037'),
('ce02102','E02','ai00037'),
('ce02103','E03','ai00037'),
('ce02104','E04','ai00037'),
('ce02105','E05','ai00037'),
('ce02106','E06','ai00037'),
('ce02107','E07','ai00037'),
('ce02108','E08','ai00037'),
('ce02109','E09','ai00037'),
('ce02110','E10','ai00037'),
('ce02111','F01','ai00037'),
('ce02112','F02','ai00037'),
('ce02113','F03','ai00037'),
('ce02114','F04','ai00037'),
('ce02115','F05','ai00037'),
('ce02116','F06','ai00037'),
('ce02117','F07','ai00037'),
('ce02118','F08','ai00037'),
('ce02119','F09','ai00037'),
('ce02120','F10','ai00037'),
('ce02121','G01','ai00037'),
('ce02122','G02','ai00037'),
('ce02123','G03','ai00037'),
('ce02124','G04','ai00037'),
('ce02125','G05','ai00037'),
('ce02126','G06','ai00037'),
('ce02127','G07','ai00037'),
('ce02128','G08','ai00037'),
('ce02129','G09','ai00037'),
('ce02130','G10','ai00037'),
('ce02131','H01','ai00037'),
('ce02132','H02','ai00037'),
('ce02133','H03','ai00037'),
('ce02134','H04','ai00037'),
('ce02135','H05','ai00037'),
('ce02136','H06','ai00037'),
('ce02137','H07','ai00037'),
('ce02138','H08','ai00037'),
('ce02139','H09','ai00037'),
('ce02140','H10','ai00037'),
('ce02141','I01','ai00037'),
('ce02142','I02','ai00037'),
('ce02143','I03','ai00037'),
('ce02144','I04','ai00037'),
('ce02145','I05','ai00037'),
('ce02146','I06','ai00037'),
('ce02147','I07','ai00037'),
('ce02148','I08','ai00037'),
('ce02149','I09','ai00037'),
('ce02150','I10','ai00037'),
('ce02151','J01','ai00037'),
('ce02152','J02','ai00037'),
('ce02153','J03','ai00037'),
('ce02154','J04','ai00037'),
('ce02155','J05','ai00037'),
('ce02156','J06','ai00037'),
('ce02157','J07','ai00037'),
('ce02158','J08','ai00037'),
('ce02159','J09','ai00037'),
('ce02160','J10','ai00037'),
('ce02161','E01','ai00038'),
('ce02162','E02','ai00038'),
('ce02163','E03','ai00038'),
('ce02164','E04','ai00038'),
('ce02165','E05','ai00038'),
('ce02166','E06','ai00038'),
('ce02167','E07','ai00038'),
('ce02168','E08','ai00038'),
('ce02169','E09','ai00038'),
('ce02170','E10','ai00038'),
('ce02171','F01','ai00038'),
('ce02172','F02','ai00038'),
('ce02173','F03','ai00038'),
('ce02174','F04','ai00038'),
('ce02175','F05','ai00038'),
('ce02176','F06','ai00038'),
('ce02177','F07','ai00038'),
('ce02178','F08','ai00038'),
('ce02179','F09','ai00038'),
('ce02180','F10','ai00038'),
('ce02181','G01','ai00038'),
('ce02182','G02','ai00038'),
('ce02183','G03','ai00038'),
('ce02184','G04','ai00038'),
('ce02185','G05','ai00038'),
('ce02186','G06','ai00038'),
('ce02187','G07','ai00038'),
('ce02188','G08','ai00038'),
('ce02189','G09','ai00038'),
('ce02190','G10','ai00038'),
('ce02191','H01','ai00038'),
('ce02192','H02','ai00038'),
('ce02193','H03','ai00038'),
('ce02194','H04','ai00038'),
('ce02195','H05','ai00038'),
('ce02196','H06','ai00038'),
('ce02197','H07','ai00038'),
('ce02198','H08','ai00038'),
('ce02199','H09','ai00038'),
('ce02200','H10','ai00038'),
('ce02201','I01','ai00038'),
('ce02202','I02','ai00038'),
('ce02203','I03','ai00038'),
('ce02204','I04','ai00038'),
('ce02205','I05','ai00038'),
('ce02206','I06','ai00038'),
('ce02207','I07','ai00038'),
('ce02208','I08','ai00038'),
('ce02209','I09','ai00038'),
('ce02210','I10','ai00038'),
('ce02211','J01','ai00038'),
('ce02212','J02','ai00038'),
('ce02213','J03','ai00038'),
('ce02214','J04','ai00038'),
('ce02215','J05','ai00038'),
('ce02216','J06','ai00038'),
('ce02217','J07','ai00038'),
('ce02218','J08','ai00038'),
('ce02219','J09','ai00038'),
('ce02220','J10','ai00038'),
('ce02221','E01','ai00039'),
('ce02222','E02','ai00039'),
('ce02223','E03','ai00039'),
('ce02224','E04','ai00039'),
('ce02225','E05','ai00039'),
('ce02226','E06','ai00039'),
('ce02227','E07','ai00039'),
('ce02228','E08','ai00039'),
('ce02229','E09','ai00039'),
('ce02230','E10','ai00039'),
('ce02231','F01','ai00039'),
('ce02232','F02','ai00039'),
('ce02233','F03','ai00039'),
('ce02234','F04','ai00039'),
('ce02235','F05','ai00039'),
('ce02236','F06','ai00039'),
('ce02237','F07','ai00039'),
('ce02238','F08','ai00039'),
('ce02239','F09','ai00039'),
('ce02240','F10','ai00039'),
('ce02241','G01','ai00039'),
('ce02242','G02','ai00039'),
('ce02243','G03','ai00039'),
('ce02244','G04','ai00039'),
('ce02245','G05','ai00039'),
('ce02246','G06','ai00039'),
('ce02247','G07','ai00039'),
('ce02248','G08','ai00039'),
('ce02249','G09','ai00039'),
('ce02250','G10','ai00039'),
('ce02251','H01','ai00039'),
('ce02252','H02','ai00039'),
('ce02253','H03','ai00039'),
('ce02254','H04','ai00039'),
('ce02255','H05','ai00039'),
('ce02256','H06','ai00039'),
('ce02257','H07','ai00039'),
('ce02258','H08','ai00039'),
('ce02259','H09','ai00039'),
('ce02260','H10','ai00039'),
('ce02261','I01','ai00039'),
('ce02262','I02','ai00039'),
('ce02263','I03','ai00039'),
('ce02264','I04','ai00039'),
('ce02265','I05','ai00039'),
('ce02266','I06','ai00039'),
('ce02267','I07','ai00039'),
('ce02268','I08','ai00039'),
('ce02269','I09','ai00039'),
('ce02270','I10','ai00039'),
('ce02271','J01','ai00039'),
('ce02272','J02','ai00039'),
('ce02273','J03','ai00039'),
('ce02274','J04','ai00039'),
('ce02275','J05','ai00039'),
('ce02276','J06','ai00039'),
('ce02277','J07','ai00039'),
('ce02278','J08','ai00039'),
('ce02279','J09','ai00039'),
('ce02280','J10','ai00039'),
('ce02281','E01','ai00040'),
('ce02282','E02','ai00040'),
('ce02283','E03','ai00040'),
('ce02284','E04','ai00040'),
('ce02285','E05','ai00040'),
('ce02286','E06','ai00040'),
('ce02287','E07','ai00040'),
('ce02288','E08','ai00040'),
('ce02289','E09','ai00040'),
('ce02290','E10','ai00040'),
('ce02291','F01','ai00040'),
('ce02292','F02','ai00040'),
('ce02293','F03','ai00040'),
('ce02294','F04','ai00040'),
('ce02295','F05','ai00040'),
('ce02296','F06','ai00040'),
('ce02297','F07','ai00040'),
('ce02298','F08','ai00040'),
('ce02299','F09','ai00040'),
('ce02300','F10','ai00040'),
('ce02301','G01','ai00040'),
('ce02302','G02','ai00040'),
('ce02303','G03','ai00040'),
('ce02304','G04','ai00040'),
('ce02305','G05','ai00040'),
('ce02306','G06','ai00040'),
('ce02307','G07','ai00040'),
('ce02308','G08','ai00040'),
('ce02309','G09','ai00040'),
('ce02310','G10','ai00040'),
('ce02311','H01','ai00040'),
('ce02312','H02','ai00040'),
('ce02313','H03','ai00040'),
('ce02314','H04','ai00040'),
('ce02315','H05','ai00040'),
('ce02316','H06','ai00040'),
('ce02317','H07','ai00040'),
('ce02318','H08','ai00040'),
('ce02319','H09','ai00040'),
('ce02320','H10','ai00040'),
('ce02321','I01','ai00040'),
('ce02322','I02','ai00040'),
('ce02323','I03','ai00040'),
('ce02324','I04','ai00040'),
('ce02325','I05','ai00040'),
('ce02326','I06','ai00040'),
('ce02327','I07','ai00040'),
('ce02328','I08','ai00040'),
('ce02329','I09','ai00040'),
('ce02330','I10','ai00040'),
('ce02331','J01','ai00040'),
('ce02332','J02','ai00040'),
('ce02333','J03','ai00040'),
('ce02334','J04','ai00040'),
('ce02335','J05','ai00040'),
('ce02336','J06','ai00040'),
('ce02337','J07','ai00040'),
('ce02338','J08','ai00040'),
('ce02339','J09','ai00040'),
('ce02340','J10','ai00040'),
('ce02341','E01','ai00041'),
('ce02342','E02','ai00041'),
('ce02343','E03','ai00041'),
('ce02344','E04','ai00041'),
('ce02345','E05','ai00041'),
('ce02346','E06','ai00041'),
('ce02347','E07','ai00041'),
('ce02348','E08','ai00041'),
('ce02349','E09','ai00041'),
('ce02350','E10','ai00041'),
('ce02351','F01','ai00041'),
('ce02352','F02','ai00041'),
('ce02353','F03','ai00041'),
('ce02354','F04','ai00041'),
('ce02355','F05','ai00041'),
('ce02356','F06','ai00041'),
('ce02357','F07','ai00041'),
('ce02358','F08','ai00041'),
('ce02359','F09','ai00041'),
('ce02360','F10','ai00041'),
('ce02361','G01','ai00041'),
('ce02362','G02','ai00041'),
('ce02363','G03','ai00041'),
('ce02364','G04','ai00041'),
('ce02365','G05','ai00041'),
('ce02366','G06','ai00041'),
('ce02367','G07','ai00041'),
('ce02368','G08','ai00041'),
('ce02369','G09','ai00041'),
('ce02370','G10','ai00041'),
('ce02371','H01','ai00041'),
('ce02372','H02','ai00041'),
('ce02373','H03','ai00041'),
('ce02374','H04','ai00041'),
('ce02375','H05','ai00041'),
('ce02376','H06','ai00041'),
('ce02377','H07','ai00041'),
('ce02378','H08','ai00041'),
('ce02379','H09','ai00041'),
('ce02380','H10','ai00041'),
('ce02381','I01','ai00041'),
('ce02382','I02','ai00041'),
('ce02383','I03','ai00041'),
('ce02384','I04','ai00041'),
('ce02385','I05','ai00041'),
('ce02386','I06','ai00041'),
('ce02387','I07','ai00041'),
('ce02388','I08','ai00041'),
('ce02389','I09','ai00041'),
('ce02390','I10','ai00041'),
('ce02391','J01','ai00041'),
('ce02392','J02','ai00041'),
('ce02393','J03','ai00041'),
('ce02394','J04','ai00041'),
('ce02395','J05','ai00041'),
('ce02396','J06','ai00041'),
('ce02397','J07','ai00041'),
('ce02398','J08','ai00041'),
('ce02399','J09','ai00041'),
('ce02400','J10','ai00041'),
('ce02401','E01','ai00042'),
('ce02402','E02','ai00042'),
('ce02403','E03','ai00042'),
('ce02404','E04','ai00042'),
('ce02405','E05','ai00042'),
('ce02406','E06','ai00042'),
('ce02407','E07','ai00042'),
('ce02408','E08','ai00042'),
('ce02409','E09','ai00042'),
('ce02410','E10','ai00042'),
('ce02411','F01','ai00042'),
('ce02412','F02','ai00042'),
('ce02413','F03','ai00042'),
('ce02414','F04','ai00042'),
('ce02415','F05','ai00042'),
('ce02416','F06','ai00042'),
('ce02417','F07','ai00042'),
('ce02418','F08','ai00042'),
('ce02419','F09','ai00042'),
('ce02420','F10','ai00042'),
('ce02421','G01','ai00042'),
('ce02422','G02','ai00042'),
('ce02423','G03','ai00042'),
('ce02424','G04','ai00042'),
('ce02425','G05','ai00042'),
('ce02426','G06','ai00042'),
('ce02427','G07','ai00042'),
('ce02428','G08','ai00042'),
('ce02429','G09','ai00042'),
('ce02430','G10','ai00042'),
('ce02431','H01','ai00042'),
('ce02432','H02','ai00042'),
('ce02433','H03','ai00042'),
('ce02434','H04','ai00042'),
('ce02435','H05','ai00042'),
('ce02436','H06','ai00042'),
('ce02437','H07','ai00042'),
('ce02438','H08','ai00042'),
('ce02439','H09','ai00042'),
('ce02440','H10','ai00042'),
('ce02441','I01','ai00042'),
('ce02442','I02','ai00042'),
('ce02443','I03','ai00042'),
('ce02444','I04','ai00042'),
('ce02445','I05','ai00042'),
('ce02446','I06','ai00042'),
('ce02447','I07','ai00042'),
('ce02448','I08','ai00042'),
('ce02449','I09','ai00042'),
('ce02450','I10','ai00042'),
('ce02451','J01','ai00042'),
('ce02452','J02','ai00042'),
('ce02453','J03','ai00042'),
('ce02454','J04','ai00042'),
('ce02455','J05','ai00042'),
('ce02456','J06','ai00042'),
('ce02457','J07','ai00042'),
('ce02458','J08','ai00042'),
('ce02459','J09','ai00042'),
('ce02460','J10','ai00042'),
('ce02461','E01','ai00043'),
('ce02462','E02','ai00043'),
('ce02463','E03','ai00043'),
('ce02464','E04','ai00043'),
('ce02465','E05','ai00043'),
('ce02466','E06','ai00043'),
('ce02467','E07','ai00043'),
('ce02468','E08','ai00043'),
('ce02469','E09','ai00043'),
('ce02470','E10','ai00043'),
('ce02471','F01','ai00043'),
('ce02472','F02','ai00043'),
('ce02473','F03','ai00043'),
('ce02474','F04','ai00043'),
('ce02475','F05','ai00043'),
('ce02476','F06','ai00043'),
('ce02477','F07','ai00043'),
('ce02478','F08','ai00043'),
('ce02479','F09','ai00043'),
('ce02480','F10','ai00043'),
('ce02481','G01','ai00043'),
('ce02482','G02','ai00043'),
('ce02483','G03','ai00043'),
('ce02484','G04','ai00043'),
('ce02485','G05','ai00043'),
('ce02486','G06','ai00043'),
('ce02487','G07','ai00043'),
('ce02488','G08','ai00043'),
('ce02489','G09','ai00043'),
('ce02490','G10','ai00043'),
('ce02491','H01','ai00043'),
('ce02492','H02','ai00043'),
('ce02493','H03','ai00043'),
('ce02494','H04','ai00043'),
('ce02495','H05','ai00043'),
('ce02496','H06','ai00043'),
('ce02497','H07','ai00043'),
('ce02498','H08','ai00043'),
('ce02499','H09','ai00043'),
('ce02500','H10','ai00043'),
('ce02501','I01','ai00043'),
('ce02502','I02','ai00043'),
('ce02503','I03','ai00043'),
('ce02504','I04','ai00043'),
('ce02505','I05','ai00043'),
('ce02506','I06','ai00043'),
('ce02507','I07','ai00043'),
('ce02508','I08','ai00043'),
('ce02509','I09','ai00043'),
('ce02510','I10','ai00043'),
('ce02511','J01','ai00043'),
('ce02512','J02','ai00043'),
('ce02513','J03','ai00043'),
('ce02514','J04','ai00043'),
('ce02515','J05','ai00043'),
('ce02516','J06','ai00043'),
('ce02517','J07','ai00043'),
('ce02518','J08','ai00043'),
('ce02519','J09','ai00043'),
('ce02520','J10','ai00043'),
('ce02521','E01','ai00044'),
('ce02522','E02','ai00044'),
('ce02523','E03','ai00044'),
('ce02524','E04','ai00044'),
('ce02525','E05','ai00044'),
('ce02526','E06','ai00044'),
('ce02527','E07','ai00044'),
('ce02528','E08','ai00044'),
('ce02529','E09','ai00044'),
('ce02530','E10','ai00044'),
('ce02531','F01','ai00044'),
('ce02532','F02','ai00044'),
('ce02533','F03','ai00044'),
('ce02534','F04','ai00044'),
('ce02535','F05','ai00044'),
('ce02536','F06','ai00044'),
('ce02537','F07','ai00044'),
('ce02538','F08','ai00044'),
('ce02539','F09','ai00044'),
('ce02540','F10','ai00044'),
('ce02541','G01','ai00044'),
('ce02542','G02','ai00044'),
('ce02543','G03','ai00044'),
('ce02544','G04','ai00044'),
('ce02545','G05','ai00044'),
('ce02546','G06','ai00044'),
('ce02547','G07','ai00044'),
('ce02548','G08','ai00044'),
('ce02549','G09','ai00044'),
('ce02550','G10','ai00044'),
('ce02551','H01','ai00044'),
('ce02552','H02','ai00044'),
('ce02553','H03','ai00044'),
('ce02554','H04','ai00044'),
('ce02555','H05','ai00044'),
('ce02556','H06','ai00044'),
('ce02557','H07','ai00044'),
('ce02558','H08','ai00044'),
('ce02559','H09','ai00044'),
('ce02560','H10','ai00044'),
('ce02561','I01','ai00044'),
('ce02562','I02','ai00044'),
('ce02563','I03','ai00044'),
('ce02564','I04','ai00044'),
('ce02565','I05','ai00044'),
('ce02566','I06','ai00044'),
('ce02567','I07','ai00044'),
('ce02568','I08','ai00044'),
('ce02569','I09','ai00044'),
('ce02570','I10','ai00044'),
('ce02571','J01','ai00044'),
('ce02572','J02','ai00044'),
('ce02573','J03','ai00044'),
('ce02574','J04','ai00044'),
('ce02575','J05','ai00044'),
('ce02576','J06','ai00044'),
('ce02577','J07','ai00044'),
('ce02578','J08','ai00044'),
('ce02579','J09','ai00044'),
('ce02580','J10','ai00044'),
('ce02581','E01','ai00045'),
('ce02582','E02','ai00045'),
('ce02583','E03','ai00045'),
('ce02584','E04','ai00045'),
('ce02585','E05','ai00045'),
('ce02586','E06','ai00045'),
('ce02587','E07','ai00045'),
('ce02588','E08','ai00045'),
('ce02589','E09','ai00045'),
('ce02590','E10','ai00045'),
('ce02591','F01','ai00045'),
('ce02592','F02','ai00045'),
('ce02593','F03','ai00045'),
('ce02594','F04','ai00045'),
('ce02595','F05','ai00045'),
('ce02596','F06','ai00045'),
('ce02597','F07','ai00045'),
('ce02598','F08','ai00045'),
('ce02599','F09','ai00045'),
('ce02600','F10','ai00045'),
('ce02601','G01','ai00045'),
('ce02602','G02','ai00045'),
('ce02603','G03','ai00045'),
('ce02604','G04','ai00045'),
('ce02605','G05','ai00045'),
('ce02606','G06','ai00045'),
('ce02607','G07','ai00045'),
('ce02608','G08','ai00045'),
('ce02609','G09','ai00045'),
('ce02610','G10','ai00045'),
('ce02611','H01','ai00045'),
('ce02612','H02','ai00045'),
('ce02613','H03','ai00045'),
('ce02614','H04','ai00045'),
('ce02615','H05','ai00045'),
('ce02616','H06','ai00045'),
('ce02617','H07','ai00045'),
('ce02618','H08','ai00045'),
('ce02619','H09','ai00045'),
('ce02620','H10','ai00045'),
('ce02621','I01','ai00045'),
('ce02622','I02','ai00045'),
('ce02623','I03','ai00045'),
('ce02624','I04','ai00045'),
('ce02625','I05','ai00045'),
('ce02626','I06','ai00045'),
('ce02627','I07','ai00045'),
('ce02628','I08','ai00045'),
('ce02629','I09','ai00045'),
('ce02630','I10','ai00045'),
('ce02631','J01','ai00045'),
('ce02632','J02','ai00045'),
('ce02633','J03','ai00045'),
('ce02634','J04','ai00045'),
('ce02635','J05','ai00045'),
('ce02636','J06','ai00045'),
('ce02637','J07','ai00045'),
('ce02638','J08','ai00045'),
('ce02639','J09','ai00045'),
('ce02640','J10','ai00045'),
('ce02641','E01','ai00046'),
('ce02642','E02','ai00046'),
('ce02643','E03','ai00046'),
('ce02644','E04','ai00046'),
('ce02645','E05','ai00046'),
('ce02646','E06','ai00046'),
('ce02647','E07','ai00046'),
('ce02648','E08','ai00046'),
('ce02649','E09','ai00046'),
('ce02650','E10','ai00046'),
('ce02651','F01','ai00046'),
('ce02652','F02','ai00046'),
('ce02653','F03','ai00046'),
('ce02654','F04','ai00046'),
('ce02655','F05','ai00046'),
('ce02656','F06','ai00046'),
('ce02657','F07','ai00046'),
('ce02658','F08','ai00046'),
('ce02659','F09','ai00046'),
('ce02660','F10','ai00046'),
('ce02661','G01','ai00046'),
('ce02662','G02','ai00046'),
('ce02663','G03','ai00046'),
('ce02664','G04','ai00046'),
('ce02665','G05','ai00046'),
('ce02666','G06','ai00046'),
('ce02667','G07','ai00046'),
('ce02668','G08','ai00046'),
('ce02669','G09','ai00046'),
('ce02670','G10','ai00046'),
('ce02671','H01','ai00046'),
('ce02672','H02','ai00046'),
('ce02673','H03','ai00046'),
('ce02674','H04','ai00046'),
('ce02675','H05','ai00046'),
('ce02676','H06','ai00046'),
('ce02677','H07','ai00046'),
('ce02678','H08','ai00046'),
('ce02679','H09','ai00046'),
('ce02680','H10','ai00046'),
('ce02681','I01','ai00046'),
('ce02682','I02','ai00046'),
('ce02683','I03','ai00046'),
('ce02684','I04','ai00046'),
('ce02685','I05','ai00046'),
('ce02686','I06','ai00046'),
('ce02687','I07','ai00046'),
('ce02688','I08','ai00046'),
('ce02689','I09','ai00046'),
('ce02690','I10','ai00046'),
('ce02691','J01','ai00046'),
('ce02692','J02','ai00046'),
('ce02693','J03','ai00046'),
('ce02694','J04','ai00046'),
('ce02695','J05','ai00046'),
('ce02696','J06','ai00046'),
('ce02697','J07','ai00046'),
('ce02698','J08','ai00046'),
('ce02699','J09','ai00046'),
('ce02700','J10','ai00046'),
('ce02701','E01','ai00047'),
('ce02702','E02','ai00047'),
('ce02703','E03','ai00047'),
('ce02704','E04','ai00047'),
('ce02705','E05','ai00047'),
('ce02706','E06','ai00047'),
('ce02707','E07','ai00047'),
('ce02708','E08','ai00047'),
('ce02709','E09','ai00047'),
('ce02710','E10','ai00047'),
('ce02711','F01','ai00047'),
('ce02712','F02','ai00047'),
('ce02713','F03','ai00047'),
('ce02714','F04','ai00047'),
('ce02715','F05','ai00047'),
('ce02716','F06','ai00047'),
('ce02717','F07','ai00047'),
('ce02718','F08','ai00047'),
('ce02719','F09','ai00047'),
('ce02720','F10','ai00047'),
('ce02721','G01','ai00047'),
('ce02722','G02','ai00047'),
('ce02723','G03','ai00047'),
('ce02724','G04','ai00047'),
('ce02725','G05','ai00047'),
('ce02726','G06','ai00047'),
('ce02727','G07','ai00047'),
('ce02728','G08','ai00047'),
('ce02729','G09','ai00047'),
('ce02730','G10','ai00047'),
('ce02731','H01','ai00047'),
('ce02732','H02','ai00047'),
('ce02733','H03','ai00047'),
('ce02734','H04','ai00047'),
('ce02735','H05','ai00047'),
('ce02736','H06','ai00047'),
('ce02737','H07','ai00047'),
('ce02738','H08','ai00047'),
('ce02739','H09','ai00047'),
('ce02740','H10','ai00047'),
('ce02741','I01','ai00047'),
('ce02742','I02','ai00047'),
('ce02743','I03','ai00047'),
('ce02744','I04','ai00047'),
('ce02745','I05','ai00047'),
('ce02746','I06','ai00047'),
('ce02747','I07','ai00047'),
('ce02748','I08','ai00047'),
('ce02749','I09','ai00047'),
('ce02750','I10','ai00047'),
('ce02751','J01','ai00047'),
('ce02752','J02','ai00047'),
('ce02753','J03','ai00047'),
('ce02754','J04','ai00047'),
('ce02755','J05','ai00047'),
('ce02756','J06','ai00047'),
('ce02757','J07','ai00047'),
('ce02758','J08','ai00047'),
('ce02759','J09','ai00047'),
('ce02760','J10','ai00047'),
('ce02761','E01','ai00048'),
('ce02762','E02','ai00048'),
('ce02763','E03','ai00048'),
('ce02764','E04','ai00048'),
('ce02765','E05','ai00048'),
('ce02766','E06','ai00048'),
('ce02767','E07','ai00048'),
('ce02768','E08','ai00048'),
('ce02769','E09','ai00048'),
('ce02770','E10','ai00048'),
('ce02771','F01','ai00048'),
('ce02772','F02','ai00048'),
('ce02773','F03','ai00048'),
('ce02774','F04','ai00048'),
('ce02775','F05','ai00048'),
('ce02776','F06','ai00048'),
('ce02777','F07','ai00048'),
('ce02778','F08','ai00048'),
('ce02779','F09','ai00048'),
('ce02780','F10','ai00048'),
('ce02781','G01','ai00048'),
('ce02782','G02','ai00048'),
('ce02783','G03','ai00048'),
('ce02784','G04','ai00048'),
('ce02785','G05','ai00048'),
('ce02786','G06','ai00048'),
('ce02787','G07','ai00048'),
('ce02788','G08','ai00048'),
('ce02789','G09','ai00048'),
('ce02790','G10','ai00048'),
('ce02791','H01','ai00048'),
('ce02792','H02','ai00048'),
('ce02793','H03','ai00048'),
('ce02794','H04','ai00048'),
('ce02795','H05','ai00048'),
('ce02796','H06','ai00048'),
('ce02797','H07','ai00048'),
('ce02798','H08','ai00048'),
('ce02799','H09','ai00048'),
('ce02800','H10','ai00048'),
('ce02801','I01','ai00048'),
('ce02802','I02','ai00048'),
('ce02803','I03','ai00048'),
('ce02804','I04','ai00048'),
('ce02805','I05','ai00048'),
('ce02806','I06','ai00048'),
('ce02807','I07','ai00048'),
('ce02808','I08','ai00048'),
('ce02809','I09','ai00048'),
('ce02810','I10','ai00048'),
('ce02811','J01','ai00048'),
('ce02812','J02','ai00048'),
('ce02813','J03','ai00048'),
('ce02814','J04','ai00048'),
('ce02815','J05','ai00048'),
('ce02816','J06','ai00048'),
('ce02817','J07','ai00048'),
('ce02818','J08','ai00048'),
('ce02819','J09','ai00048'),
('ce02820','J10','ai00048'),
('ce02821','E01','ai00049'),
('ce02822','E02','ai00049'),
('ce02823','E03','ai00049'),
('ce02824','E04','ai00049'),
('ce02825','E05','ai00049'),
('ce02826','E06','ai00049'),
('ce02827','E07','ai00049'),
('ce02828','E08','ai00049'),
('ce02829','E09','ai00049'),
('ce02830','E10','ai00049'),
('ce02831','F01','ai00049'),
('ce02832','F02','ai00049'),
('ce02833','F03','ai00049'),
('ce02834','F04','ai00049'),
('ce02835','F05','ai00049'),
('ce02836','F06','ai00049'),
('ce02837','F07','ai00049'),
('ce02838','F08','ai00049'),
('ce02839','F09','ai00049'),
('ce02840','F10','ai00049'),
('ce02841','G01','ai00049'),
('ce02842','G02','ai00049'),
('ce02843','G03','ai00049'),
('ce02844','G04','ai00049'),
('ce02845','G05','ai00049'),
('ce02846','G06','ai00049'),
('ce02847','G07','ai00049'),
('ce02848','G08','ai00049'),
('ce02849','G09','ai00049'),
('ce02850','G10','ai00049'),
('ce02851','H01','ai00049'),
('ce02852','H02','ai00049'),
('ce02853','H03','ai00049'),
('ce02854','H04','ai00049'),
('ce02855','H05','ai00049'),
('ce02856','H06','ai00049'),
('ce02857','H07','ai00049'),
('ce02858','H08','ai00049'),
('ce02859','H09','ai00049'),
('ce02860','H10','ai00049'),
('ce02861','I01','ai00049'),
('ce02862','I02','ai00049'),
('ce02863','I03','ai00049'),
('ce02864','I04','ai00049'),
('ce02865','I05','ai00049'),
('ce02866','I06','ai00049'),
('ce02867','I07','ai00049'),
('ce02868','I08','ai00049'),
('ce02869','I09','ai00049'),
('ce02870','I10','ai00049'),
('ce02871','J01','ai00049'),
('ce02872','J02','ai00049'),
('ce02873','J03','ai00049'),
('ce02874','J04','ai00049'),
('ce02875','J05','ai00049'),
('ce02876','J06','ai00049'),
('ce02877','J07','ai00049'),
('ce02878','J08','ai00049'),
('ce02879','J09','ai00049'),
('ce02880','J10','ai00049'),
('ce02881','E01','ai00050'),
('ce02882','E02','ai00050'),
('ce02883','E03','ai00050'),
('ce02884','E04','ai00050'),
('ce02885','E05','ai00050'),
('ce02886','E06','ai00050'),
('ce02887','E07','ai00050'),
('ce02888','E08','ai00050'),
('ce02889','E09','ai00050'),
('ce02890','E10','ai00050'),
('ce02891','F01','ai00050'),
('ce02892','F02','ai00050'),
('ce02893','F03','ai00050'),
('ce02894','F04','ai00050'),
('ce02895','F05','ai00050'),
('ce02896','F06','ai00050'),
('ce02897','F07','ai00050'),
('ce02898','F08','ai00050'),
('ce02899','F09','ai00050'),
('ce02900','F10','ai00050'),
('ce02901','G01','ai00050'),
('ce02902','G02','ai00050'),
('ce02903','G03','ai00050'),
('ce02904','G04','ai00050'),
('ce02905','G05','ai00050'),
('ce02906','G06','ai00050'),
('ce02907','G07','ai00050'),
('ce02908','G08','ai00050'),
('ce02909','G09','ai00050'),
('ce02910','G10','ai00050'),
('ce02911','H01','ai00050'),
('ce02912','H02','ai00050'),
('ce02913','H03','ai00050'),
('ce02914','H04','ai00050'),
('ce02915','H05','ai00050'),
('ce02916','H06','ai00050'),
('ce02917','H07','ai00050'),
('ce02918','H08','ai00050'),
('ce02919','H09','ai00050'),
('ce02920','H10','ai00050'),
('ce02921','I01','ai00050'),
('ce02922','I02','ai00050'),
('ce02923','I03','ai00050'),
('ce02924','I04','ai00050'),
('ce02925','I05','ai00050'),
('ce02926','I06','ai00050'),
('ce02927','I07','ai00050'),
('ce02928','I08','ai00050'),
('ce02929','I09','ai00050'),
('ce02930','I10','ai00050'),
('ce02931','J01','ai00050'),
('ce02932','J02','ai00050'),
('ce02933','J03','ai00050'),
('ce02934','J04','ai00050'),
('ce02935','J05','ai00050'),
('ce02936','J06','ai00050'),
('ce02937','J07','ai00050'),
('ce02938','J08','ai00050'),
('ce02939','J09','ai00050'),
('ce02940','J10','ai00050'),
('ce02941','E01','ai00001'),
('ce02942','E02','ai00001'),
('ce02943','E03','ai00001'),
('ce02944','E04','ai00001'),
('ce02945','E05','ai00001'),
('ce02946','E06','ai00001'),
('ce02947','E07','ai00001'),
('ce02948','E08','ai00001'),
('ce02949','E09','ai00001'),
('ce02950','E10','ai00001'),
('ce02951','F01','ai00001'),
('ce02952','F02','ai00001'),
('ce02953','F03','ai00001'),
('ce02954','F04','ai00001'),
('ce02955','F05','ai00001'),
('ce02956','F06','ai00001'),
('ce02957','F07','ai00001'),
('ce02958','F08','ai00001'),
('ce02959','F09','ai00001'),
('ce02960','F10','ai00001'),
('ce02961','G01','ai00001'),
('ce02962','G02','ai00001'),
('ce02963','G03','ai00001'),
('ce02964','G04','ai00001'),
('ce02965','G05','ai00001'),
('ce02966','G06','ai00001'),
('ce02967','G07','ai00001'),
('ce02968','G08','ai00001'),
('ce02969','G09','ai00001'),
('ce02970','G10','ai00001'),
('ce02971','H01','ai00001'),
('ce02972','H02','ai00001'),
('ce02973','H03','ai00001'),
('ce02974','H04','ai00001'),
('ce02975','H05','ai00001'),
('ce02976','H06','ai00001'),
('ce02977','H07','ai00001'),
('ce02978','H08','ai00001'),
('ce02979','H09','ai00001'),
('ce02980','H10','ai00001'),
('ce02981','I01','ai00001'),
('ce02982','I02','ai00001'),
('ce02983','I03','ai00001'),
('ce02984','I04','ai00001'),
('ce02985','I05','ai00001'),
('ce02986','I06','ai00001'),
('ce02987','I07','ai00001'),
('ce02988','I08','ai00001'),
('ce02989','I09','ai00001'),
('ce02990','I10','ai00001'),
('ce02991','J01','ai00001'),
('ce02992','J02','ai00001'),
('ce02993','J03','ai00001'),
('ce02994','J04','ai00001'),
('ce02995','J05','ai00001'),
('ce02996','J06','ai00001'),
('ce02997','J07','ai00001'),
('ce02998','J08','ai00001'),
('ce02999','J09','ai00001'),
('ce03000','J10','ai00001');

INSERT INTO "public"."class_first" ("seat_id","seat_name","airplane_id","handouts") VALUES 
('cf00001','A01','ai00002','Hygiene Products, Snacks, Drinks'),
('cf00002','A02','ai00002','Hygiene Products, Snacks, Drinks'),
('cf00003','A03','ai00002','Hygiene Products, Snacks, Drinks'),
('cf00004','A04','ai00002','Hygiene Products, Snacks, Drinks'),
('cf00005','A05','ai00002','Hygiene Products, Snacks, Drinks'),
('cf00006','A06','ai00002','Hygiene Products, Snacks, Drinks'),
('cf00007','A07','ai00002','Hygiene Products, Snacks, Drinks'),
('cf00008','A08','ai00002','Hygiene Products, Snacks, Drinks'),
('cf00009','A09','ai00002','Hygiene Products, Snacks, Drinks'),
('cf00010','A10','ai00002','Hygiene Products, Snacks, Drinks'),
('cf00011','A01','ai00003','Hygiene Products, Snacks, Drinks'),
('cf00012','A02','ai00003','Hygiene Products, Snacks, Drinks'),
('cf00013','A03','ai00003','Hygiene Products, Snacks, Drinks'),
('cf00014','A04','ai00003','Hygiene Products, Snacks, Drinks'),
('cf00015','A05','ai00003','Hygiene Products, Snacks, Drinks'),
('cf00016','A06','ai00003','Hygiene Products, Snacks, Drinks'),
('cf00017','A07','ai00003','Hygiene Products, Snacks, Drinks'),
('cf00018','A08','ai00003','Hygiene Products, Snacks, Drinks'),
('cf00019','A09','ai00003','Hygiene Products, Snacks, Drinks'),
('cf00020','A10','ai00003','Hygiene Products, Snacks, Drinks'),
('cf00021','A01','ai00004','Hygiene Products, Snacks, Drinks'),
('cf00022','A02','ai00004','Hygiene Products, Snacks, Drinks'),
('cf00023','A03','ai00004','Hygiene Products, Snacks, Drinks'),
('cf00024','A04','ai00004','Hygiene Products, Snacks, Drinks'),
('cf00025','A05','ai00004','Hygiene Products, Snacks, Drinks'),
('cf00026','A06','ai00004','Hygiene Products, Snacks, Drinks'),
('cf00027','A07','ai00004','Hygiene Products, Snacks, Drinks'),
('cf00028','A08','ai00004','Hygiene Products, Snacks, Drinks'),
('cf00029','A09','ai00004','Hygiene Products, Snacks, Drinks'),
('cf00030','A10','ai00004','Hygiene Products, Snacks, Drinks'),
('cf00031','A01','ai00005','Hygiene Products, Snacks, Drinks'),
('cf00032','A02','ai00005','Hygiene Products, Snacks, Drinks'),
('cf00033','A03','ai00005','Hygiene Products, Snacks, Drinks'),
('cf00034','A04','ai00005','Hygiene Products, Snacks, Drinks'),
('cf00035','A05','ai00005','Hygiene Products, Snacks, Drinks'),
('cf00036','A06','ai00005','Hygiene Products, Snacks, Drinks'),
('cf00037','A07','ai00005','Hygiene Products, Snacks, Drinks'),
('cf00038','A08','ai00005','Hygiene Products, Snacks, Drinks'),
('cf00039','A09','ai00005','Hygiene Products, Snacks, Drinks'),
('cf00040','A10','ai00005','Hygiene Products, Snacks, Drinks'),
('cf00041','A01','ai00006','Hygiene Products, Snacks, Drinks'),
('cf00042','A02','ai00006','Hygiene Products, Snacks, Drinks'),
('cf00043','A03','ai00006','Hygiene Products, Snacks, Drinks'),
('cf00044','A04','ai00006','Hygiene Products, Snacks, Drinks'),
('cf00045','A05','ai00006','Hygiene Products, Snacks, Drinks'),
('cf00046','A06','ai00006','Hygiene Products, Snacks, Drinks'),
('cf00047','A07','ai00006','Hygiene Products, Snacks, Drinks'),
('cf00048','A08','ai00006','Hygiene Products, Snacks, Drinks'),
('cf00049','A09','ai00006','Hygiene Products, Snacks, Drinks'),
('cf00050','A10','ai00006','Hygiene Products, Snacks, Drinks'),
('cf00051','A01','ai00007','Hygiene Products, Snacks, Drinks'),
('cf00052','A02','ai00007','Hygiene Products, Snacks, Drinks'),
('cf00053','A03','ai00007','Hygiene Products, Snacks, Drinks'),
('cf00054','A04','ai00007','Hygiene Products, Snacks, Drinks'),
('cf00055','A05','ai00007','Hygiene Products, Snacks, Drinks'),
('cf00056','A06','ai00007','Hygiene Products, Snacks, Drinks'),
('cf00057','A07','ai00007','Hygiene Products, Snacks, Drinks'),
('cf00058','A08','ai00007','Hygiene Products, Snacks, Drinks'),
('cf00059','A09','ai00007','Hygiene Products, Snacks, Drinks'),
('cf00060','A10','ai00007','Hygiene Products, Snacks, Drinks'),
('cf00061','A01','ai00008','Hygiene Products, Snacks, Drinks'),
('cf00062','A02','ai00008','Hygiene Products, Snacks, Drinks'),
('cf00063','A03','ai00008','Hygiene Products, Snacks, Drinks'),
('cf00064','A04','ai00008','Hygiene Products, Snacks, Drinks'),
('cf00065','A05','ai00008','Hygiene Products, Snacks, Drinks'),
('cf00066','A06','ai00008','Hygiene Products, Snacks, Drinks'),
('cf00067','A07','ai00008','Hygiene Products, Snacks, Drinks'),
('cf00068','A08','ai00008','Hygiene Products, Snacks, Drinks'),
('cf00069','A09','ai00008','Hygiene Products, Snacks, Drinks'),
('cf00070','A10','ai00008','Hygiene Products, Snacks, Drinks'),
('cf00071','A01','ai00009','Hygiene Products, Snacks, Drinks'),
('cf00072','A02','ai00009','Hygiene Products, Snacks, Drinks'),
('cf00073','A03','ai00009','Hygiene Products, Snacks, Drinks'),
('cf00074','A04','ai00009','Hygiene Products, Snacks, Drinks'),
('cf00075','A05','ai00009','Hygiene Products, Snacks, Drinks'),
('cf00076','A06','ai00009','Hygiene Products, Snacks, Drinks'),
('cf00077','A07','ai00009','Hygiene Products, Snacks, Drinks'),
('cf00078','A08','ai00009','Hygiene Products, Snacks, Drinks'),
('cf00079','A09','ai00009','Hygiene Products, Snacks, Drinks'),
('cf00080','A10','ai00009','Hygiene Products, Snacks, Drinks'),
('cf00081','A01','ai00010','Hygiene Products, Snacks, Drinks'),
('cf00082','A02','ai00010','Hygiene Products, Snacks, Drinks'),
('cf00083','A03','ai00010','Hygiene Products, Snacks, Drinks'),
('cf00084','A04','ai00010','Hygiene Products, Snacks, Drinks'),
('cf00085','A05','ai00010','Hygiene Products, Snacks, Drinks'),
('cf00086','A06','ai00010','Hygiene Products, Snacks, Drinks'),
('cf00087','A07','ai00010','Hygiene Products, Snacks, Drinks'),
('cf00088','A08','ai00010','Hygiene Products, Snacks, Drinks'),
('cf00089','A09','ai00010','Hygiene Products, Snacks, Drinks'),
('cf00090','A10','ai00010','Hygiene Products, Snacks, Drinks'),
('cf00091','A01','ai00011','Hygiene Products, Snacks, Drinks'),
('cf00092','A02','ai00011','Hygiene Products, Snacks, Drinks'),
('cf00093','A03','ai00011','Hygiene Products, Snacks, Drinks'),
('cf00094','A04','ai00011','Hygiene Products, Snacks, Drinks'),
('cf00095','A05','ai00011','Hygiene Products, Snacks, Drinks'),
('cf00096','A06','ai00011','Hygiene Products, Snacks, Drinks'),
('cf00097','A07','ai00011','Hygiene Products, Snacks, Drinks'),
('cf00098','A08','ai00011','Hygiene Products, Snacks, Drinks'),
('cf00099','A09','ai00011','Hygiene Products, Snacks, Drinks'),
('cf00100','A10','ai00011','Hygiene Products, Snacks, Drinks'),
('cf00101','A01','ai00012','Hygiene Products, Snacks, Drinks'),
('cf00102','A02','ai00012','Hygiene Products, Snacks, Drinks'),
('cf00103','A03','ai00012','Hygiene Products, Snacks, Drinks'),
('cf00104','A04','ai00012','Hygiene Products, Snacks, Drinks'),
('cf00105','A05','ai00012','Hygiene Products, Snacks, Drinks'),
('cf00106','A06','ai00012','Hygiene Products, Snacks, Drinks'),
('cf00107','A07','ai00012','Hygiene Products, Snacks, Drinks'),
('cf00108','A08','ai00012','Hygiene Products, Snacks, Drinks'),
('cf00109','A09','ai00012','Hygiene Products, Snacks, Drinks'),
('cf00110','A10','ai00012','Hygiene Products, Snacks, Drinks'),
('cf00111','A01','ai00013','Hygiene Products, Snacks, Drinks'),
('cf00112','A02','ai00013','Hygiene Products, Snacks, Drinks'),
('cf00113','A03','ai00013','Hygiene Products, Snacks, Drinks'),
('cf00114','A04','ai00013','Hygiene Products, Snacks, Drinks'),
('cf00115','A05','ai00013','Hygiene Products, Snacks, Drinks'),
('cf00116','A06','ai00013','Hygiene Products, Snacks, Drinks'),
('cf00117','A07','ai00013','Hygiene Products, Snacks, Drinks'),
('cf00118','A08','ai00013','Hygiene Products, Snacks, Drinks'),
('cf00119','A09','ai00013','Hygiene Products, Snacks, Drinks'),
('cf00120','A10','ai00013','Hygiene Products, Snacks, Drinks'),
('cf00121','A01','ai00014','Hygiene Products, Snacks, Drinks'),
('cf00122','A02','ai00014','Hygiene Products, Snacks, Drinks'),
('cf00123','A03','ai00014','Hygiene Products, Snacks, Drinks'),
('cf00124','A04','ai00014','Hygiene Products, Snacks, Drinks'),
('cf00125','A05','ai00014','Hygiene Products, Snacks, Drinks'),
('cf00126','A06','ai00014','Hygiene Products, Snacks, Drinks'),
('cf00127','A07','ai00014','Hygiene Products, Snacks, Drinks'),
('cf00128','A08','ai00014','Hygiene Products, Snacks, Drinks'),
('cf00129','A09','ai00014','Hygiene Products, Snacks, Drinks'),
('cf00130','A10','ai00014','Hygiene Products, Snacks, Drinks'),
('cf00131','A01','ai00015','Hygiene Products, Snacks, Drinks'),
('cf00132','A02','ai00015','Hygiene Products, Snacks, Drinks'),
('cf00133','A03','ai00015','Hygiene Products, Snacks, Drinks'),
('cf00134','A04','ai00015','Hygiene Products, Snacks, Drinks'),
('cf00135','A05','ai00015','Hygiene Products, Snacks, Drinks'),
('cf00136','A06','ai00015','Hygiene Products, Snacks, Drinks'),
('cf00137','A07','ai00015','Hygiene Products, Snacks, Drinks'),
('cf00138','A08','ai00015','Hygiene Products, Snacks, Drinks'),
('cf00139','A09','ai00015','Hygiene Products, Snacks, Drinks'),
('cf00140','A10','ai00015','Hygiene Products, Snacks, Drinks'),
('cf00141','A01','ai00016','Hygiene Products, Snacks, Drinks'),
('cf00142','A02','ai00016','Hygiene Products, Snacks, Drinks'),
('cf00143','A03','ai00016','Hygiene Products, Snacks, Drinks'),
('cf00144','A04','ai00016','Hygiene Products, Snacks, Drinks'),
('cf00145','A05','ai00016','Hygiene Products, Snacks, Drinks'),
('cf00146','A06','ai00016','Hygiene Products, Snacks, Drinks'),
('cf00147','A07','ai00016','Hygiene Products, Snacks, Drinks'),
('cf00148','A08','ai00016','Hygiene Products, Snacks, Drinks'),
('cf00149','A09','ai00016','Hygiene Products, Snacks, Drinks'),
('cf00150','A10','ai00016','Hygiene Products, Snacks, Drinks'),
('cf00151','A01','ai00017','Hygiene Products, Snacks, Drinks'),
('cf00152','A02','ai00017','Hygiene Products, Snacks, Drinks'),
('cf00153','A03','ai00017','Hygiene Products, Snacks, Drinks'),
('cf00154','A04','ai00017','Hygiene Products, Snacks, Drinks'),
('cf00155','A05','ai00017','Hygiene Products, Snacks, Drinks'),
('cf00156','A06','ai00017','Hygiene Products, Snacks, Drinks'),
('cf00157','A07','ai00017','Hygiene Products, Snacks, Drinks'),
('cf00158','A08','ai00017','Hygiene Products, Snacks, Drinks'),
('cf00159','A09','ai00017','Hygiene Products, Snacks, Drinks'),
('cf00160','A10','ai00017','Hygiene Products, Snacks, Drinks'),
('cf00161','A01','ai00018','Hygiene Products, Snacks, Drinks'),
('cf00162','A02','ai00018','Hygiene Products, Snacks, Drinks'),
('cf00163','A03','ai00018','Hygiene Products, Snacks, Drinks'),
('cf00164','A04','ai00018','Hygiene Products, Snacks, Drinks'),
('cf00165','A05','ai00018','Hygiene Products, Snacks, Drinks'),
('cf00166','A06','ai00018','Hygiene Products, Snacks, Drinks'),
('cf00167','A07','ai00018','Hygiene Products, Snacks, Drinks'),
('cf00168','A08','ai00018','Hygiene Products, Snacks, Drinks'),
('cf00169','A09','ai00018','Hygiene Products, Snacks, Drinks'),
('cf00170','A10','ai00018','Hygiene Products, Snacks, Drinks'),
('cf00171','A01','ai00019','Hygiene Products, Snacks, Drinks'),
('cf00172','A02','ai00019','Hygiene Products, Snacks, Drinks'),
('cf00173','A03','ai00019','Hygiene Products, Snacks, Drinks'),
('cf00174','A04','ai00019','Hygiene Products, Snacks, Drinks'),
('cf00175','A05','ai00019','Hygiene Products, Snacks, Drinks'),
('cf00176','A06','ai00019','Hygiene Products, Snacks, Drinks'),
('cf00177','A07','ai00019','Hygiene Products, Snacks, Drinks'),
('cf00178','A08','ai00019','Hygiene Products, Snacks, Drinks'),
('cf00179','A09','ai00019','Hygiene Products, Snacks, Drinks'),
('cf00180','A10','ai00019','Hygiene Products, Snacks, Drinks'),
('cf00181','A01','ai00020','Hygiene Products, Snacks, Drinks'),
('cf00182','A02','ai00020','Hygiene Products, Snacks, Drinks'),
('cf00183','A03','ai00020','Hygiene Products, Snacks, Drinks'),
('cf00184','A04','ai00020','Hygiene Products, Snacks, Drinks'),
('cf00185','A05','ai00020','Hygiene Products, Snacks, Drinks'),
('cf00186','A06','ai00020','Hygiene Products, Snacks, Drinks'),
('cf00187','A07','ai00020','Hygiene Products, Snacks, Drinks'),
('cf00188','A08','ai00020','Hygiene Products, Snacks, Drinks'),
('cf00189','A09','ai00020','Hygiene Products, Snacks, Drinks'),
('cf00190','A10','ai00020','Hygiene Products, Snacks, Drinks'),
('cf00191','A01','ai00021','Hygiene Products, Snacks, Drinks'),
('cf00192','A02','ai00021','Hygiene Products, Snacks, Drinks'),
('cf00193','A03','ai00021','Hygiene Products, Snacks, Drinks'),
('cf00194','A04','ai00021','Hygiene Products, Snacks, Drinks'),
('cf00195','A05','ai00021','Hygiene Products, Snacks, Drinks'),
('cf00196','A06','ai00021','Hygiene Products, Snacks, Drinks'),
('cf00197','A07','ai00021','Hygiene Products, Snacks, Drinks'),
('cf00198','A08','ai00021','Hygiene Products, Snacks, Drinks'),
('cf00199','A09','ai00021','Hygiene Products, Snacks, Drinks'),
('cf00200','A10','ai00021','Hygiene Products, Snacks, Drinks'),
('cf00201','A01','ai00022','Hygiene Products, Snacks, Drinks'),
('cf00202','A02','ai00022','Hygiene Products, Snacks, Drinks'),
('cf00203','A03','ai00022','Hygiene Products, Snacks, Drinks'),
('cf00204','A04','ai00022','Hygiene Products, Snacks, Drinks'),
('cf00205','A05','ai00022','Hygiene Products, Snacks, Drinks'),
('cf00206','A06','ai00022','Hygiene Products, Snacks, Drinks'),
('cf00207','A07','ai00022','Hygiene Products, Snacks, Drinks'),
('cf00208','A08','ai00022','Hygiene Products, Snacks, Drinks'),
('cf00209','A09','ai00022','Hygiene Products, Snacks, Drinks'),
('cf00210','A10','ai00022','Hygiene Products, Snacks, Drinks'),
('cf00211','A01','ai00023','Hygiene Products, Snacks, Drinks'),
('cf00212','A02','ai00023','Hygiene Products, Snacks, Drinks'),
('cf00213','A03','ai00023','Hygiene Products, Snacks, Drinks'),
('cf00214','A04','ai00023','Hygiene Products, Snacks, Drinks'),
('cf00215','A05','ai00023','Hygiene Products, Snacks, Drinks'),
('cf00216','A06','ai00023','Hygiene Products, Snacks, Drinks'),
('cf00217','A07','ai00023','Hygiene Products, Snacks, Drinks'),
('cf00218','A08','ai00023','Hygiene Products, Snacks, Drinks'),
('cf00219','A09','ai00023','Hygiene Products, Snacks, Drinks'),
('cf00220','A10','ai00023','Hygiene Products, Snacks, Drinks'),
('cf00221','A01','ai00024','Hygiene Products, Snacks, Drinks'),
('cf00222','A02','ai00024','Hygiene Products, Snacks, Drinks'),
('cf00223','A03','ai00024','Hygiene Products, Snacks, Drinks'),
('cf00224','A04','ai00024','Hygiene Products, Snacks, Drinks'),
('cf00225','A05','ai00024','Hygiene Products, Snacks, Drinks'),
('cf00226','A06','ai00024','Hygiene Products, Snacks, Drinks'),
('cf00227','A07','ai00024','Hygiene Products, Snacks, Drinks'),
('cf00228','A08','ai00024','Hygiene Products, Snacks, Drinks'),
('cf00229','A09','ai00024','Hygiene Products, Snacks, Drinks'),
('cf00230','A10','ai00024','Hygiene Products, Snacks, Drinks'),
('cf00231','A01','ai00025','Hygiene Products, Snacks, Drinks'),
('cf00232','A02','ai00025','Hygiene Products, Snacks, Drinks'),
('cf00233','A03','ai00025','Hygiene Products, Snacks, Drinks'),
('cf00234','A04','ai00025','Hygiene Products, Snacks, Drinks'),
('cf00235','A05','ai00025','Hygiene Products, Snacks, Drinks'),
('cf00236','A06','ai00025','Hygiene Products, Snacks, Drinks'),
('cf00237','A07','ai00025','Hygiene Products, Snacks, Drinks'),
('cf00238','A08','ai00025','Hygiene Products, Snacks, Drinks'),
('cf00239','A09','ai00025','Hygiene Products, Snacks, Drinks'),
('cf00240','A10','ai00025','Hygiene Products, Snacks, Drinks'),
('cf00241','A01','ai00026','Hygiene Products, Snacks, Drinks'),
('cf00242','A02','ai00026','Hygiene Products, Snacks, Drinks'),
('cf00243','A03','ai00026','Hygiene Products, Snacks, Drinks'),
('cf00244','A04','ai00026','Hygiene Products, Snacks, Drinks'),
('cf00245','A05','ai00026','Hygiene Products, Snacks, Drinks'),
('cf00246','A06','ai00026','Hygiene Products, Snacks, Drinks'),
('cf00247','A07','ai00026','Hygiene Products, Snacks, Drinks'),
('cf00248','A08','ai00026','Hygiene Products, Snacks, Drinks'),
('cf00249','A09','ai00026','Hygiene Products, Snacks, Drinks'),
('cf00250','A10','ai00026','Hygiene Products, Snacks, Drinks'),
('cf00251','A01','ai00027','Hygiene Products, Snacks, Drinks'),
('cf00252','A02','ai00027','Hygiene Products, Snacks, Drinks'),
('cf00253','A03','ai00027','Hygiene Products, Snacks, Drinks'),
('cf00254','A04','ai00027','Hygiene Products, Snacks, Drinks'),
('cf00255','A05','ai00027','Hygiene Products, Snacks, Drinks'),
('cf00256','A06','ai00027','Hygiene Products, Snacks, Drinks'),
('cf00257','A07','ai00027','Hygiene Products, Snacks, Drinks'),
('cf00258','A08','ai00027','Hygiene Products, Snacks, Drinks'),
('cf00259','A09','ai00027','Hygiene Products, Snacks, Drinks'),
('cf00260','A10','ai00027','Hygiene Products, Snacks, Drinks'),
('cf00261','A01','ai00028','Hygiene Products, Snacks, Drinks'),
('cf00262','A02','ai00028','Hygiene Products, Snacks, Drinks'),
('cf00263','A03','ai00028','Hygiene Products, Snacks, Drinks'),
('cf00264','A04','ai00028','Hygiene Products, Snacks, Drinks'),
('cf00265','A05','ai00028','Hygiene Products, Snacks, Drinks'),
('cf00266','A06','ai00028','Hygiene Products, Snacks, Drinks'),
('cf00267','A07','ai00028','Hygiene Products, Snacks, Drinks'),
('cf00268','A08','ai00028','Hygiene Products, Snacks, Drinks'),
('cf00269','A09','ai00028','Hygiene Products, Snacks, Drinks'),
('cf00270','A10','ai00028','Hygiene Products, Snacks, Drinks'),
('cf00271','A01','ai00029','Hygiene Products, Snacks, Drinks'),
('cf00272','A02','ai00029','Hygiene Products, Snacks, Drinks'),
('cf00273','A03','ai00029','Hygiene Products, Snacks, Drinks'),
('cf00274','A04','ai00029','Hygiene Products, Snacks, Drinks'),
('cf00275','A05','ai00029','Hygiene Products, Snacks, Drinks'),
('cf00276','A06','ai00029','Hygiene Products, Snacks, Drinks'),
('cf00277','A07','ai00029','Hygiene Products, Snacks, Drinks'),
('cf00278','A08','ai00029','Hygiene Products, Snacks, Drinks'),
('cf00279','A09','ai00029','Hygiene Products, Snacks, Drinks'),
('cf00280','A10','ai00029','Hygiene Products, Snacks, Drinks'),
('cf00281','A01','ai00030','Hygiene Products, Snacks, Drinks'),
('cf00282','A02','ai00030','Hygiene Products, Snacks, Drinks'),
('cf00283','A03','ai00030','Hygiene Products, Snacks, Drinks'),
('cf00284','A04','ai00030','Hygiene Products, Snacks, Drinks'),
('cf00285','A05','ai00030','Hygiene Products, Snacks, Drinks'),
('cf00286','A06','ai00030','Hygiene Products, Snacks, Drinks'),
('cf00287','A07','ai00030','Hygiene Products, Snacks, Drinks'),
('cf00288','A08','ai00030','Hygiene Products, Snacks, Drinks'),
('cf00289','A09','ai00030','Hygiene Products, Snacks, Drinks'),
('cf00290','A10','ai00030','Hygiene Products, Snacks, Drinks'),
('cf00291','A01','ai00031','Hygiene Products, Snacks, Drinks'),
('cf00292','A02','ai00031','Hygiene Products, Snacks, Drinks'),
('cf00293','A03','ai00031','Hygiene Products, Snacks, Drinks'),
('cf00294','A04','ai00031','Hygiene Products, Snacks, Drinks'),
('cf00295','A05','ai00031','Hygiene Products, Snacks, Drinks'),
('cf00296','A06','ai00031','Hygiene Products, Snacks, Drinks'),
('cf00297','A07','ai00031','Hygiene Products, Snacks, Drinks'),
('cf00298','A08','ai00031','Hygiene Products, Snacks, Drinks'),
('cf00299','A09','ai00031','Hygiene Products, Snacks, Drinks'),
('cf00300','A10','ai00031','Hygiene Products, Snacks, Drinks'),
('cf00301','A01','ai00032','Hygiene Products, Snacks, Drinks'),
('cf00302','A02','ai00032','Hygiene Products, Snacks, Drinks'),
('cf00303','A03','ai00032','Hygiene Products, Snacks, Drinks'),
('cf00304','A04','ai00032','Hygiene Products, Snacks, Drinks'),
('cf00305','A05','ai00032','Hygiene Products, Snacks, Drinks'),
('cf00306','A06','ai00032','Hygiene Products, Snacks, Drinks'),
('cf00307','A07','ai00032','Hygiene Products, Snacks, Drinks'),
('cf00308','A08','ai00032','Hygiene Products, Snacks, Drinks'),
('cf00309','A09','ai00032','Hygiene Products, Snacks, Drinks'),
('cf00310','A10','ai00032','Hygiene Products, Snacks, Drinks'),
('cf00311','A01','ai00033','Hygiene Products, Snacks, Drinks'),
('cf00312','A02','ai00033','Hygiene Products, Snacks, Drinks'),
('cf00313','A03','ai00033','Hygiene Products, Snacks, Drinks'),
('cf00314','A04','ai00033','Hygiene Products, Snacks, Drinks'),
('cf00315','A05','ai00033','Hygiene Products, Snacks, Drinks'),
('cf00316','A06','ai00033','Hygiene Products, Snacks, Drinks'),
('cf00317','A07','ai00033','Hygiene Products, Snacks, Drinks'),
('cf00318','A08','ai00033','Hygiene Products, Snacks, Drinks'),
('cf00319','A09','ai00033','Hygiene Products, Snacks, Drinks'),
('cf00320','A10','ai00033','Hygiene Products, Snacks, Drinks'),
('cf00321','A01','ai00034','Hygiene Products, Snacks, Drinks'),
('cf00322','A02','ai00034','Hygiene Products, Snacks, Drinks'),
('cf00323','A03','ai00034','Hygiene Products, Snacks, Drinks'),
('cf00324','A04','ai00034','Hygiene Products, Snacks, Drinks'),
('cf00325','A05','ai00034','Hygiene Products, Snacks, Drinks'),
('cf00326','A06','ai00034','Hygiene Products, Snacks, Drinks'),
('cf00327','A07','ai00034','Hygiene Products, Snacks, Drinks'),
('cf00328','A08','ai00034','Hygiene Products, Snacks, Drinks'),
('cf00329','A09','ai00034','Hygiene Products, Snacks, Drinks'),
('cf00330','A10','ai00034','Hygiene Products, Snacks, Drinks'),
('cf00331','A01','ai00035','Hygiene Products, Snacks, Drinks'),
('cf00332','A02','ai00035','Hygiene Products, Snacks, Drinks'),
('cf00333','A03','ai00035','Hygiene Products, Snacks, Drinks'),
('cf00334','A04','ai00035','Hygiene Products, Snacks, Drinks'),
('cf00335','A05','ai00035','Hygiene Products, Snacks, Drinks'),
('cf00336','A06','ai00035','Hygiene Products, Snacks, Drinks'),
('cf00337','A07','ai00035','Hygiene Products, Snacks, Drinks'),
('cf00338','A08','ai00035','Hygiene Products, Snacks, Drinks'),
('cf00339','A09','ai00035','Hygiene Products, Snacks, Drinks'),
('cf00340','A10','ai00035','Hygiene Products, Snacks, Drinks'),
('cf00341','A01','ai00036','Hygiene Products, Snacks, Drinks'),
('cf00342','A02','ai00036','Hygiene Products, Snacks, Drinks'),
('cf00343','A03','ai00036','Hygiene Products, Snacks, Drinks'),
('cf00344','A04','ai00036','Hygiene Products, Snacks, Drinks'),
('cf00345','A05','ai00036','Hygiene Products, Snacks, Drinks'),
('cf00346','A06','ai00036','Hygiene Products, Snacks, Drinks'),
('cf00347','A07','ai00036','Hygiene Products, Snacks, Drinks'),
('cf00348','A08','ai00036','Hygiene Products, Snacks, Drinks'),
('cf00349','A09','ai00036','Hygiene Products, Snacks, Drinks'),
('cf00350','A10','ai00036','Hygiene Products, Snacks, Drinks'),
('cf00351','A01','ai00037','Hygiene Products, Snacks, Drinks'),
('cf00352','A02','ai00037','Hygiene Products, Snacks, Drinks'),
('cf00353','A03','ai00037','Hygiene Products, Snacks, Drinks'),
('cf00354','A04','ai00037','Hygiene Products, Snacks, Drinks'),
('cf00355','A05','ai00037','Hygiene Products, Snacks, Drinks'),
('cf00356','A06','ai00037','Hygiene Products, Snacks, Drinks'),
('cf00357','A07','ai00037','Hygiene Products, Snacks, Drinks'),
('cf00358','A08','ai00037','Hygiene Products, Snacks, Drinks'),
('cf00359','A09','ai00037','Hygiene Products, Snacks, Drinks'),
('cf00360','A10','ai00037','Hygiene Products, Snacks, Drinks'),
('cf00361','A01','ai00038','Hygiene Products, Snacks, Drinks'),
('cf00362','A02','ai00038','Hygiene Products, Snacks, Drinks'),
('cf00363','A03','ai00038','Hygiene Products, Snacks, Drinks'),
('cf00364','A04','ai00038','Hygiene Products, Snacks, Drinks'),
('cf00365','A05','ai00038','Hygiene Products, Snacks, Drinks'),
('cf00366','A06','ai00038','Hygiene Products, Snacks, Drinks'),
('cf00367','A07','ai00038','Hygiene Products, Snacks, Drinks'),
('cf00368','A08','ai00038','Hygiene Products, Snacks, Drinks'),
('cf00369','A09','ai00038','Hygiene Products, Snacks, Drinks'),
('cf00370','A10','ai00038','Hygiene Products, Snacks, Drinks'),
('cf00371','A01','ai00039','Hygiene Products, Snacks, Drinks'),
('cf00372','A02','ai00039','Hygiene Products, Snacks, Drinks'),
('cf00373','A03','ai00039','Hygiene Products, Snacks, Drinks'),
('cf00374','A04','ai00039','Hygiene Products, Snacks, Drinks'),
('cf00375','A05','ai00039','Hygiene Products, Snacks, Drinks'),
('cf00376','A06','ai00039','Hygiene Products, Snacks, Drinks'),
('cf00377','A07','ai00039','Hygiene Products, Snacks, Drinks'),
('cf00378','A08','ai00039','Hygiene Products, Snacks, Drinks'),
('cf00379','A09','ai00039','Hygiene Products, Snacks, Drinks'),
('cf00380','A10','ai00039','Hygiene Products, Snacks, Drinks'),
('cf00381','A01','ai00040','Hygiene Products, Snacks, Drinks'),
('cf00382','A02','ai00040','Hygiene Products, Snacks, Drinks'),
('cf00383','A03','ai00040','Hygiene Products, Snacks, Drinks'),
('cf00384','A04','ai00040','Hygiene Products, Snacks, Drinks'),
('cf00385','A05','ai00040','Hygiene Products, Snacks, Drinks'),
('cf00386','A06','ai00040','Hygiene Products, Snacks, Drinks'),
('cf00387','A07','ai00040','Hygiene Products, Snacks, Drinks'),
('cf00388','A08','ai00040','Hygiene Products, Snacks, Drinks'),
('cf00389','A09','ai00040','Hygiene Products, Snacks, Drinks'),
('cf00390','A10','ai00040','Hygiene Products, Snacks, Drinks'),
('cf00391','A01','ai00041','Hygiene Products, Snacks, Drinks'),
('cf00392','A02','ai00041','Hygiene Products, Snacks, Drinks'),
('cf00393','A03','ai00041','Hygiene Products, Snacks, Drinks'),
('cf00394','A04','ai00041','Hygiene Products, Snacks, Drinks'),
('cf00395','A05','ai00041','Hygiene Products, Snacks, Drinks'),
('cf00396','A06','ai00041','Hygiene Products, Snacks, Drinks'),
('cf00397','A07','ai00041','Hygiene Products, Snacks, Drinks'),
('cf00398','A08','ai00041','Hygiene Products, Snacks, Drinks'),
('cf00399','A09','ai00041','Hygiene Products, Snacks, Drinks'),
('cf00400','A10','ai00041','Hygiene Products, Snacks, Drinks'),
('cf00401','A01','ai00042','Hygiene Products, Snacks, Drinks'),
('cf00402','A02','ai00042','Hygiene Products, Snacks, Drinks'),
('cf00403','A03','ai00042','Hygiene Products, Snacks, Drinks'),
('cf00404','A04','ai00042','Hygiene Products, Snacks, Drinks'),
('cf00405','A05','ai00042','Hygiene Products, Snacks, Drinks'),
('cf00406','A06','ai00042','Hygiene Products, Snacks, Drinks'),
('cf00407','A07','ai00042','Hygiene Products, Snacks, Drinks'),
('cf00408','A08','ai00042','Hygiene Products, Snacks, Drinks'),
('cf00409','A09','ai00042','Hygiene Products, Snacks, Drinks'),
('cf00410','A10','ai00042','Hygiene Products, Snacks, Drinks'),
('cf00411','A01','ai00043','Hygiene Products, Snacks, Drinks'),
('cf00412','A02','ai00043','Hygiene Products, Snacks, Drinks'),
('cf00413','A03','ai00043','Hygiene Products, Snacks, Drinks'),
('cf00414','A04','ai00043','Hygiene Products, Snacks, Drinks'),
('cf00415','A05','ai00043','Hygiene Products, Snacks, Drinks'),
('cf00416','A06','ai00043','Hygiene Products, Snacks, Drinks'),
('cf00417','A07','ai00043','Hygiene Products, Snacks, Drinks'),
('cf00418','A08','ai00043','Hygiene Products, Snacks, Drinks'),
('cf00419','A09','ai00043','Hygiene Products, Snacks, Drinks'),
('cf00420','A10','ai00043','Hygiene Products, Snacks, Drinks'),
('cf00421','A01','ai00044','Hygiene Products, Snacks, Drinks'),
('cf00422','A02','ai00044','Hygiene Products, Snacks, Drinks'),
('cf00423','A03','ai00044','Hygiene Products, Snacks, Drinks'),
('cf00424','A04','ai00044','Hygiene Products, Snacks, Drinks'),
('cf00425','A05','ai00044','Hygiene Products, Snacks, Drinks'),
('cf00426','A06','ai00044','Hygiene Products, Snacks, Drinks'),
('cf00427','A07','ai00044','Hygiene Products, Snacks, Drinks'),
('cf00428','A08','ai00044','Hygiene Products, Snacks, Drinks'),
('cf00429','A09','ai00044','Hygiene Products, Snacks, Drinks'),
('cf00430','A10','ai00044','Hygiene Products, Snacks, Drinks'),
('cf00431','A01','ai00045','Hygiene Products, Snacks, Drinks'),
('cf00432','A02','ai00045','Hygiene Products, Snacks, Drinks'),
('cf00433','A03','ai00045','Hygiene Products, Snacks, Drinks'),
('cf00434','A04','ai00045','Hygiene Products, Snacks, Drinks'),
('cf00435','A05','ai00045','Hygiene Products, Snacks, Drinks'),
('cf00436','A06','ai00045','Hygiene Products, Snacks, Drinks'),
('cf00437','A07','ai00045','Hygiene Products, Snacks, Drinks'),
('cf00438','A08','ai00045','Hygiene Products, Snacks, Drinks'),
('cf00439','A09','ai00045','Hygiene Products, Snacks, Drinks'),
('cf00440','A10','ai00045','Hygiene Products, Snacks, Drinks'),
('cf00441','A01','ai00046','Hygiene Products, Snacks, Drinks'),
('cf00442','A02','ai00046','Hygiene Products, Snacks, Drinks'),
('cf00443','A03','ai00046','Hygiene Products, Snacks, Drinks'),
('cf00444','A04','ai00046','Hygiene Products, Snacks, Drinks'),
('cf00445','A05','ai00046','Hygiene Products, Snacks, Drinks'),
('cf00446','A06','ai00046','Hygiene Products, Snacks, Drinks'),
('cf00447','A07','ai00046','Hygiene Products, Snacks, Drinks'),
('cf00448','A08','ai00046','Hygiene Products, Snacks, Drinks'),
('cf00449','A09','ai00046','Hygiene Products, Snacks, Drinks'),
('cf00450','A10','ai00046','Hygiene Products, Snacks, Drinks'),
('cf00451','A01','ai00047','Hygiene Products, Snacks, Drinks'),
('cf00452','A02','ai00047','Hygiene Products, Snacks, Drinks'),
('cf00453','A03','ai00047','Hygiene Products, Snacks, Drinks'),
('cf00454','A04','ai00047','Hygiene Products, Snacks, Drinks'),
('cf00455','A05','ai00047','Hygiene Products, Snacks, Drinks'),
('cf00456','A06','ai00047','Hygiene Products, Snacks, Drinks'),
('cf00457','A07','ai00047','Hygiene Products, Snacks, Drinks'),
('cf00458','A08','ai00047','Hygiene Products, Snacks, Drinks'),
('cf00459','A09','ai00047','Hygiene Products, Snacks, Drinks'),
('cf00460','A10','ai00047','Hygiene Products, Snacks, Drinks'),
('cf00461','A01','ai00048','Hygiene Products, Snacks, Drinks'),
('cf00462','A02','ai00048','Hygiene Products, Snacks, Drinks'),
('cf00463','A03','ai00048','Hygiene Products, Snacks, Drinks'),
('cf00464','A04','ai00048','Hygiene Products, Snacks, Drinks'),
('cf00465','A05','ai00048','Hygiene Products, Snacks, Drinks'),
('cf00466','A06','ai00048','Hygiene Products, Snacks, Drinks'),
('cf00467','A07','ai00048','Hygiene Products, Snacks, Drinks'),
('cf00468','A08','ai00048','Hygiene Products, Snacks, Drinks'),
('cf00469','A09','ai00048','Hygiene Products, Snacks, Drinks'),
('cf00470','A10','ai00048','Hygiene Products, Snacks, Drinks'),
('cf00471','A01','ai00049','Hygiene Products, Snacks, Drinks'),
('cf00472','A02','ai00049','Hygiene Products, Snacks, Drinks'),
('cf00473','A03','ai00049','Hygiene Products, Snacks, Drinks'),
('cf00474','A04','ai00049','Hygiene Products, Snacks, Drinks'),
('cf00475','A05','ai00049','Hygiene Products, Snacks, Drinks'),
('cf00476','A06','ai00049','Hygiene Products, Snacks, Drinks'),
('cf00477','A07','ai00049','Hygiene Products, Snacks, Drinks'),
('cf00478','A08','ai00049','Hygiene Products, Snacks, Drinks'),
('cf00479','A09','ai00049','Hygiene Products, Snacks, Drinks'),
('cf00480','A10','ai00049','Hygiene Products, Snacks, Drinks'),
('cf00481','A01','ai00050','Hygiene Products, Snacks, Drinks'),
('cf00482','A02','ai00050','Hygiene Products, Snacks, Drinks'),
('cf00483','A03','ai00050','Hygiene Products, Snacks, Drinks'),
('cf00484','A04','ai00050','Hygiene Products, Snacks, Drinks'),
('cf00485','A05','ai00050','Hygiene Products, Snacks, Drinks'),
('cf00486','A06','ai00050','Hygiene Products, Snacks, Drinks'),
('cf00487','A07','ai00050','Hygiene Products, Snacks, Drinks'),
('cf00488','A08','ai00050','Hygiene Products, Snacks, Drinks'),
('cf00489','A09','ai00050','Hygiene Products, Snacks, Drinks'),
('cf00490','A10','ai00050','Hygiene Products, Snacks, Drinks'),
('cf00491','A01','ai00001','Hygiene Products, Snacks, Drinks'),
('cf00492','A02','ai00001','Hygiene Products, Snacks, Drinks'),
('cf00493','A03','ai00001','Hygiene Products, Snacks, Drinks'),
('cf00494','A04','ai00001','Hygiene Products, Snacks, Drinks'),
('cf00495','A05','ai00001','Hygiene Products, Snacks, Drinks'),
('cf00496','A06','ai00001','Hygiene Products, Snacks, Drinks'),
('cf00497','A07','ai00001','Hygiene Products, Snacks, Drinks'),
('cf00498','A08','ai00001','Hygiene Products, Snacks, Drinks'),
('cf00499','A09','ai00001','Hygiene Products, Snacks, Drinks'),
('cf00500','A10','ai00001','Hygiene Products, Snacks, Drinks');

INSERT INTO "public"."membership_basic" VALUES
    ('pb00001',ROW('Marline', 'Crennan'),'LHerring@telefonica.org','Female',ROW('80915 Manitowish Place', 'Martaban', null, 'Myanmar'),0.0,20.0,28.0,7945.0),
    ('pb00002',ROW('Klemens', 'Pessler'),'C.Gunter@live.org','Female',ROW('5 Division Junction', 'Campos Gerais', '37160-000', 'Brazil'),0.0,10.0,55.0,7197.0),
    ('pb00003',ROW('Genvieve', 'Greser'),'Bart.Ahlgren@mail.nl','Female',ROW('99438 Lakewood Lane', 'Xian', null, 'China'),0.0,1.0,54.0,7570.0),
    ('pb00004',ROW('Orville', 'Fernanando'),'Pierre.Howe@freeweb.no','Female',ROW('41769 Clove Junction', 'Dongfeng', null, 'China'),0.0,14.0,51.0,9102.0),
    ('pb00005',ROW('Erl', 'Shillinglaw'),'T.Robertson@freeweb.ca','Female',ROW('2420 Graedel Crossing', 'Huhe', null, 'China'),0.0,2.0,31.0,1285.0),
    ('pb00006',ROW('Hyacinthia', 'Hast'),'MandyPraeger@freeweb.it','Male',ROW('47 Killdeer Place', 'Jiadingzhen', null, 'China'),0.0,10.0,2.0,2137.0),
    ('pb00007',ROW('Corny', 'Coppock.'),'Lynn.Kuehn3@gawab.it','Male',ROW('44 Linden Court', 'Plaki', '47304', 'Croatia'),0.0,17.0,15.0,9745.0),
    ('pb00008',ROW('Matias', 'Bourges'),'Madelein.Anderson@aol.fr','Male',ROW('6 Forest Run Drive', 'Mairipor', '07600-000', 'Brazil'),0.0,9.0,14.0,4794.0),
    ('pb00009',ROW('Mar', 'Gummer'),'Pauline.Fernandez3@myspace.de','Male',ROW('30215 Mesta Street', 'Hla', '70130', 'Pakistan'),0.0,9.0,9.0,8471.0),
    ('pb00010',ROW('Clarette', 'Waye'),'Sigrid.Gerschkow@libero.nl','Male',ROW('818 Orin Parkway', 'Haquira', null, 'Peru'),0.0,19.0,38.0,6577.0),
    ('pb00011',ROW('Gardner', 'Di Roberto'),'Peter.Mitchell@msn.ca','Male',ROW('74258 Golf View Terrace', 'Agisos', null, 'Greece'),0.0,4.0,16.0,3211.0),
    ('pb00012',ROW('Dudley', 'Bakhrushkin'),'AliceGlanswol@gmail.nl','Male',ROW('89 Colorado Crossing', 'Pulau Pinang', '10550', 'Malaysia'),0.0,1.0,38.0,6831.0),
    ('pb00013',ROW('Patrizio', 'Sketh'),'E.Brisco@aol.de','Female',ROW('28798 Farragut Alley', 'Jinshan', null, 'China'),0.0,14.0,9.0,3284.0),
    ('pb00014',ROW('Gabie', 'Wheildon'),'GKatsekes@live.co.uk','Male',ROW('207 Graceland Point', 'Radoboj', '49232', 'Croatia'),0.0,17.0,37.0,5217.0),
    ('pb00015',ROW('Leia', 'Harnell'),'Trees.Freed5@msn.cn','Female',ROW('1534 Anthes Street', 'Pho Duc', null, 'Vietnam'),0.0,5.0,18.0,880.0),
    ('pb00016',ROW('Giraldo', 'Dmitrovic'),'Nick.Queen2@lycos.org','Male',ROW('6 Shelley Court', 'Pung-Pang', '0900', 'Philippines'),0.0,15.0,58.0,8068.0),
    ('pb00017',ROW('Lonnard', 'Fear'),'HankCragin1@myspace.com','Female',ROW('28 Forster Trail', 'Elliot', '5460', 'South Africa'),0.0,15.0,60.0,6768.0),
    ('pb00018',ROW('Marybelle', 'Scougall'),'Lindsy.Naff@excite.be','Male',ROW('5229 Haas Place', 'Stubno', '37-723', 'Poland'),0.0,15.0,12.0,7322.0),
    ('pb00019',ROW('Frederik', 'Ivakhnov'),'OttoDittrich5@yahoo.de','Male',ROW('404 Fairfield Plaza', 'Dafeng', null, 'China'),0.0,4.0,41.0,5390.0),
    ('pb00020',ROW('Maribeth', 'Fliege'),'WillSpensley5@web.dk','Male',ROW('53 Daystar Street', 'Daoxu', null, 'China'),0.0,20.0,60.0,1271.0),
    ('pb00021',ROW('Christabel', 'Norkett'),'John.Hancock@weboffice.net','Female',ROW('9 Graedel Way', 'Valencia', '46005', 'Spain'),0.0,11.0,45.0,4805.0),
    ('pb00022',ROW('Paddie', 'Manneville'),'WillHardoon@live.dk','Female',ROW('5886 Gateway Park', 'Nkhotakota', null, 'Malawi'),0.0,8.0,45.0,8821.0),
    ('pb00023',ROW('Kyla', 'Stellin'),'Jack.Lezniak@aol.no','Male',ROW('9 Prairie Rose Court', 'Vailoatai', '96799', 'American Samoa'),0.0,20.0,14.0,9468.0),
    ('pb00024',ROW('Harley', 'Priter'),'Frans.Plantz5@excite.it','Female',ROW('9 Pleasure Terrace', 'Lenis Paulista', '18680-000', 'Brazil'),0.0,14.0,34.0,1519.0),
    ('pb00025',ROW('Stace', 'Amery'),'Nick.Daughtery3@mymail.es','Female',ROW('028 Oak Hill', 'Jagodina', null, 'Serbia'),0.0,16.0,55.0,6285.0),
    ('pb00026',ROW('Cleon', 'Horrod'),'Johan.Hankins@kpn.it','Male',ROW('288 Walton Drive', 'Pico da Pedra', '9600-052', 'Portugal'),0.0,4.0,1.0,17.0),
    ('pb00027',ROW('Sharia', 'Dusting'),'PSakurai4@weboffice.gov','Male',ROW('8 Gerald Park', 'Kaoma', null, 'Zambia'),0.0,10.0,47.0,6935.0),
    ('pb00028',ROW('Ceciley', 'Curzon'),'HansBergdahl5@aol.de','Male',ROW('5 Lerdahl Trail', 'Mashan', null, 'China'),0.0,20.0,10.0,4237.0),
    ('pb00029',ROW('Brody', 'Danelet'),'TonMiller@telefonica.es','Female',ROW('3 Clarendon Court', 'Fort Worth', '76115', 'United States'),0.0,17.0,57.0,1922.0),
    ('pb00030',ROW('Karmen', 'Capp'),'DPhillips3@myspace.co.uk','Male',ROW('09915 Rusk Avenue', 'Jiworejo', null, 'Indonesia'),0.0,2.0,29.0,8927.0),
    ('pb00031',ROW('Rivalee', 'Walsham'),'HankBuchholz@freeweb.us','Male',ROW('28 Hoepker Alley', 'Macinhata da Seixa', '3720-085', 'Portugal'),0.0,16.0,20.0,4318.0),
    ('pb00032',ROW('Cyrillus', 'Spreckley'),'GretsjCarlos1@mail.cn','Male',ROW('92710 Lakewood Gardens Junction', 'Lotice', '789 83', 'Czech Republic'),0.0,3.0,48.0,8842.0),
    ('pb00033',ROW('Morie', 'Bampkin'),'WilliamRobinson1@mobileme.org','Female',ROW('4 Fairview Park', 'Kthella e Eprme', null, 'Albania'),0.0,13.0,42.0,3683.0),
    ('pb00034',ROW('Lucina', 'Handrick'),'Rick.Vostreys@msn.de','Male',ROW('42 Bultman Park', 'Krotoszyn', '63-702', 'Poland'),0.0,2.0,15.0,254.0),
    ('pb00035',ROW('Basil', 'Abbiss'),'MaartenKepler4@myspace.nl','Female',ROW('1181 Old Gate Junction', 'Bar-le-Duc', '55013 CEDEX', 'France'),0.0,15.0,6.0,3104.0),
    ('pb00036',ROW('Jania', 'Heavy'),'G.Thompson@gawab.ca','Male',ROW('58072 Summer Ridge Center', 'Kujung', null, 'Indonesia'),0.0,13.0,9.0,8025.0),
    ('pb00037',ROW('Melli', 'Kenward'),'Ton.Royal@dolfijn.net','Male',ROW('7 Sachtjen Parkway', 'Dongyang', null, 'China'),0.0,15.0,32.0,4853.0),
    ('pb00038',ROW('Chlo', 'Reston'),'HankStewart@libero.co.uk','Male',ROW('6387 6th Road', 'Sala', '733 24', 'Sweden'),0.0,7.0,2.0,9963.0),
    ('pb00039',ROW('Hillary', 'Lempke'),'I.Ionescu@gmail.it','Male',ROW('6267 Nelson Pass', 'Zangkaxa', null, 'China'),0.0,11.0,26.0,2607.0),
    ('pb00040',ROW('Tiebold', 'Golby'),'N.Marra@telefonica.org','Female',ROW('910 Grayhawk Center', 'Capiov', '3334', 'Argentina'),0.0,6.0,10.0,2652.0),
    ('pb00041',ROW('Leontine', 'Duthie'),'BillLaudanski5@hotmail.no','Female',ROW('884 Vermont Point', 'Izumitsu', '597-0095', 'Japan'),0.0,5.0,26.0,712.0),
    ('pb00042',ROW('Jocelyne', 'Kimberly'),'MBraconi1@telefonica.org','Female',ROW('127 Menomonie Lane', 'El Calvario', '68213', 'Mexico'),0.0,18.0,40.0,5512.0),
    ('pb00043',ROW('Toddie', 'Dumbrall'),'BrentDeans3@telfort.nl','Female',ROW('3028 Holmberg Junction', 'Itoman', '901-0361', 'Japan'),0.0,2.0,25.0,3462.0),
    ('pb00044',ROW('Roseline', 'Lapthorne'),'M.Robertson5@hotmail.com','Female',ROW('1 Lien Drive', 'San Onofre', '707018', 'Colombia'),0.0,11.0,45.0,2287.0),
    ('pb00045',ROW('Dani', 'Hoodspeth'),'Frank.Hoyt1@yahoo.be','Male',ROW('1 7th Drive', 'Yuelai', null, 'China'),0.0,1.0,47.0,9846.0),
    ('pb00046',ROW('Bordie', 'Poyzer'),'IMitchell4@mobileme.com','Male',ROW('0228 Buena Vista Alley', 'Perpignan', '66845 CEDEX', 'France'),0.0,12.0,43.0,1678.0),
    ('pb00047',ROW('Charlena', 'Metterick'),'CUitergeest@myspace.co.uk','Male',ROW('68471 Glendale Parkway', 'Mlndal', '431 49', 'Sweden'),0.0,2.0,24.0,1754.0),
    ('pb00048',ROW('Nikki', 'Feldhuhn'),'KCramer3@lycos.net','Male',ROW('2 Arizona Lane', 'P', null, 'Burkina Faso'),0.0,7.0,56.0,1351.0),
    ('pb00049',ROW('Brander', 'Hudd'),'MattijsNefos@kpn.ca','Female',ROW('59 Schurz Center', 'Guilherand-Granges', '07509 CEDEX', 'France'),0.0,20.0,58.0,6084.0),
    ('pb00050',ROW('Yankee', 'Whatsize'),'LKorkovski@myspace.org','Female',ROW('5 Arkansas Junction', 'Hucheng', null, 'China'),0.0,2.0,37.0,2030.0),
    ('pb00051',ROW('Jewell', 'Jephcote'),'K.Toler5@gmail.it','Male',ROW('14 Rowland Crossing', 'Al Yarubyah', null, 'Syria'),0.0,3.0,16.0,3755.0),
    ('pb00052',ROW('Levi', 'Leinthall'),'Isolde.Jackson4@mobileme.co.uk','Male',ROW('53085 Buell Drive', 'Dalian', null, 'China'),0.0,15.0,23.0,896.0),
    ('pb00053',ROW('Jacinda', 'Behr'),'SuusAlspaugh@live.com','Female',ROW('796 6th Plaza', 'Hongcao', null, 'China'),0.0,1.0,54.0,1050.0),
    ('pb00054',ROW('Reuben', 'Huby'),'Gretsj.Pekaban5@libero.no','Female',ROW('12 Mesta Trail', 'Kbenhavn', '1360', 'Denmark'),0.0,2.0,54.0,6016.0),
    ('pb00055',ROW('Eugenia', 'Noden'),'Pete.Jenssen@web.com','Male',ROW('754 Hollow Ridge Center', 'Sinubong', '1711', 'Philippines'),0.0,1.0,32.0,1301.0),
    ('pb00056',ROW('Catha', 'Thick'),'Maddy.Brennan@excite.be','Female',ROW('1029 Corscot Parkway', 'Kge', '934 91', 'Sweden'),0.0,4.0,60.0,6008.0),
    ('pb00057',ROW('Alie', 'Dannehl'),'Martin.Cantere@gmail.net','Male',ROW('61687 Surrey Avenue', 'Riangbao', null, 'Indonesia'),0.0,12.0,16.0,7351.0),
    ('pb00058',ROW('Keriann', 'Ebbrell'),'Victor.Ionescu5@telefonica.us','Female',ROW('5 Hoffman Park', 'Wangcheng', null, 'China'),0.0,5.0,58.0,1680.0),
    ('pb00059',ROW('Shayna', 'Makin'),'BiancaKnopp5@freeweb.be','Male',ROW('860 Briar Crest Junction', 'Farrokh Shahr', null, 'Iran'),0.0,8.0,18.0,7785.0),
    ('pb00060',ROW('Giovanna', 'Ledson'),'FrankyFriedman@aol.cc','Female',ROW('8661 Moulton Place', 'Sarukhan', null, 'Armenia'),0.0,16.0,9.0,8835.0),
    ('pb00061',ROW('Petey', 'Jenicek'),'Freddy.Tudisco@live.no','Female',ROW('58312 Waywood Lane', 'Ips', '10805', 'Costa Rica'),0.0,20.0,33.0,2385.0),
    ('pb00062',ROW('Sunny', 'Meininger'),'Leo.Hoogbandt2@weboffice.org','Female',ROW('9803 Spenser Crossing', 'Benzilan', null, 'China'),0.0,9.0,57.0,3998.0),
    ('pb00063',ROW('Henrie', 'Collomosse'),'Freddy.Harness@mymail.ca','Male',ROW('76 Gale Plaza', 'Rio Grande', '96200-000', 'Brazil'),0.0,9.0,59.0,4782.0),
    ('pb00064',ROW('Velma', 'Arckoll'),'SvenGua Lima@dolfijn.org','Female',ROW('052 Montana Crossing', 'Bergem', 'L-3318', 'Luxembourg'),0.0,19.0,52.0,7237.0),
    ('pb00065',ROW('Annalise', 'McCosker'),'A.Botsik@gmail.fr','Female',ROW('379 Dovetail Place', 'ernovice', '618 00', 'Czech Republic'),0.0,13.0,59.0,2775.0),
    ('pb00066',ROW('Sibley', 'Schaumaker'),'LindsyFramus@yahoo.es','Female',ROW('9065 Forster Pass', 'Mpanda', null, 'Tanzania'),0.0,2.0,3.0,8845.0),
    ('pb00067',ROW('Imogen', 'Thiolier'),'Suus.Schmidt5@gawab.be','Male',ROW('16 Iowa Parkway', 'Privlaka', '32251', 'Croatia'),0.0,3.0,49.0,9288.0),
    ('pb00068',ROW('Alica', 'Warnock'),'KayKorkovski1@gawab.fr','Female',ROW('63279 Anzinger Park', 'Chichinales', '8326', 'Argentina'),0.0,18.0,40.0,9064.0),
    ('pb00069',ROW('Balduin', 'MacUchadair'),'WillSlocum@telfort.dk','Male',ROW('4250 Prairieview Plaza', 'Brzczowice', '32-447', 'Poland'),0.0,20.0,11.0,9425.0),
    ('pb00070',ROW('Lovell', 'Kleinerman'),'PeterSpensley@telfort.cn','Male',ROW('275 Washington Junction', 'Charleston', '25389', 'United States'),0.0,10.0,7.0,2588.0),
    ('pb00071',ROW('Morgana', 'Dicke'),'Pauline.Matthew@kpn.fr','Male',ROW('10 Forster Circle', 'Gouxaria', '2380-159', 'Portugal'),0.0,5.0,15.0,1601.0),
    ('pb00072',ROW('Kirstyn', 'Kuhnel'),'JWeaver4@lycos.no','Male',ROW('2 Cordelia Hill', 'Tengjia', null, 'China'),0.0,2.0,31.0,2062.0),
    ('pb00073',ROW('Sande', 'Kondratenko'),'R.Hoogbandt@libero.fr','Female',ROW('4245 Clove Drive', 'Balinad', '4506', 'Philippines'),0.0,9.0,46.0,3208.0),
    ('pb00074',ROW('Shannen', 'McNeely'),'NickBryant@msn.be','Male',ROW('7 Kim Pass', 'Sabaneta', '055457', 'Colombia'),0.0,1.0,33.0,7294.0),
    ('pb00075',ROW('Hendrik', 'Godly'),'P.Igolavski@mymail.co.uk','Female',ROW('95 Pond Circle', 'Alimono', '7005', 'Philippines'),0.0,4.0,7.0,3805.0),
    ('pb00076',ROW('Orel', 'Brosch'),'Emma.Weinstein@mymail.es','Male',ROW('6206 Porter Park', 'Novogireyevo', '433248', 'Russia'),0.0,4.0,6.0,9395.0),
    ('pb00077',ROW('Jarrod', 'Lindmark'),'Kim.Petterson@gawab.be','Male',ROW('9180 Hansons Junction', 'Taung', '8609', 'South Africa'),0.0,12.0,33.0,1269.0),
    ('pb00078',ROW('Sylvester', 'Dillicate'),'WillDulisse@hotmail.no','Female',ROW('631 Sunnyside Point', 'Krajan C Wonorejo', null, 'Indonesia'),0.0,16.0,31.0,1576.0),
    ('pb00079',ROW('Alikee', 'Killeen'),'L.Guethlein@mail.be','Female',ROW('68788 Anniversary Circle', 'Chaves', '5120-105', 'Portugal'),0.0,7.0,36.0,8904.0),
    ('pb00080',ROW('Aurelea', 'Skep'),'Mandy.Climent@libero.be','Female',ROW('9 Ludington Point', 'Palmerston North', '4820', 'New Zealand'),0.0,10.0,28.0,802.0),
    ('pb00081',ROW('Marten', 'Wedge'),'PetraNithman1@telefonica.cc','Male',ROW('31 Westerfield Parkway', 'Xicheng', null, 'China'),0.0,9.0,47.0,3964.0),
    ('pb00082',ROW('Cristi', 'McKenny'),'Fred.Ayers@yahoo.cn','Male',ROW('726 Luster Way', 'Farsta', '123 71', 'Sweden'),0.0,19.0,30.0,7053.0),
    ('pb00083',ROW('Carlye', 'Meachan'),'FonsWalker@lycos.it','Male',ROW('2136 Comanche Drive', 'Oliveirinha', '3810-856', 'Portugal'),0.0,5.0,1.0,559.0),
    ('pb00084',ROW('Esdras', 'O''Grady'),'JamesGrote@hotmail.be','Female',ROW('4034 Loftsgordon Way', 'Haarlem', '2029', 'Netherlands'),0.0,19.0,60.0,9370.0),
    ('pb00085',ROW('Addy', 'Drust'),'B.Huffsmitt4@hotmail.de','Male',ROW('10 Sloan Trail', 'Taramana', null, 'Indonesia'),0.0,10.0,4.0,2415.0),
    ('pb00086',ROW('Agathe', 'Masserel'),'S.Bitmacs@live.gov','Male',ROW('17 Union Junction', 'Okakarara', null, 'Namibia'),0.0,11.0,5.0,445.0),
    ('pb00087',ROW('Fernandina', 'Clyant'),'Suus.Alspaugh@libero.org','Male',ROW('7 Arkansas Terrace', 'Tapakrejo', null, 'Indonesia'),0.0,17.0,27.0,3460.0),
    ('pb00088',ROW('Halley', 'Hamil'),'D.Uprovski@aol.us','Female',ROW('3 Meadow Valley Street', 'Rungkam', null, 'Indonesia'),0.0,16.0,36.0,3941.0),
    ('pb00089',ROW('Laurie', 'Goretti'),'T.Millis5@mymail.dk','Female',ROW('93999 High Crossing Park', 'Na Khu', '70170', 'Thailand'),0.0,4.0,7.0,6695.0),
    ('pb00090',ROW('Anita', 'Boyson'),'Jack.Mulders@telfort.es','Male',ROW('4228 Holmberg Lane', 'Fort Worth', '76129', 'United States'),0.0,15.0,11.0,1284.0),
    ('pb00091',ROW('Randi', 'Daintier'),'FreddyZurich4@kpn.org','Male',ROW('437 Dwight Hill', 'Santa Cruz de Barahona', '11005', 'Dominican Republic'),0.0,18.0,10.0,4328.0),
    ('pb00092',ROW('Chen', 'Soans'),'Mandy.Cohen@telefonica.us','Female',ROW('54 Victoria Plaza', 'Tabango', '6536', 'Philippines'),0.0,13.0,19.0,7134.0),
    ('pb00093',ROW('Torrance', 'Aldins'),'L.Roger@yahoo.us','Male',ROW('6 Fordem Plaza', 'Bima', null, 'Indonesia'),0.0,3.0,21.0,4637.0),
    ('pb00094',ROW('Gerick', 'Wadly'),'Rick.Spensley@gmail.us','Male',ROW('3 Linden Lane', 'Ramn Castilla', null, 'Peru'),0.0,20.0,28.0,5254.0),
    ('pb00095',ROW('Gran', 'Hawgood'),'JohanHopper@mobileme.fr','Male',ROW('9304 Corry Trail', 'Trzebieszw', '21-404', 'Poland'),0.0,4.0,52.0,3529.0),
    ('pb00096',ROW('Bev', 'Rizzo'),'TonChwatal@dolfijn.fr','Female',ROW('3 Delladonna Pass', 'Freetown', null, 'Sierra Leone'),0.0,8.0,8.0,9002.0),
    ('pb00097',ROW('Alejandrina', 'Arstall'),'AnnBernstein1@aol.gov','Female',ROW('4 Riverside Hill', 'Springfield', '62764', 'United States'),0.0,17.0,14.0,1266.0),
    ('pb00098',ROW('Trev', 'Oakly'),'Will.Moreau4@mobileme.gov','Female',ROW('69511 Tony Way', 'Dashtavan', null, 'Armenia'),0.0,6.0,7.0,3159.0),
    ('pb00099',ROW('Dickie', 'Brightwell'),'TonCaouette@hotmail.dk','Female',ROW('718 Northland Avenue', 'San Jos', '40602', 'Costa Rica'),0.0,4.0,40.0,7324.0),
    ('pb00100',ROW('Wildon', 'Goodbody'),'Will.Caouette4@aol.de','Male',ROW('0010 Pleasure Way', 'Zaniemyl', '63-020', 'Poland'),0.0,5.0,17.0,6310.0),
    ('pb00101',ROW('Jodie', 'Bountiff'),'M.Praeger@mail.ca','Female',ROW('9192 Crowley Drive', 'Barra do Corda', '65950-000', 'Brazil'),0.0,13.0,32.0,8859.0),
    ('pb00102',ROW('Wolfgang', 'Shaylor'),'I.Huston2@mymail.ca','Male',ROW('02 Pine View Parkway', 'Tsivilsk', '429905', 'Russia'),0.0,8.0,59.0,5508.0),
    ('pb00103',ROW('Helen-elizabeth', 'Kennelly'),'Pauline.Sharp@hotmail.dk','Male',ROW('93 Carioca Way', 'Pedra Branca', '58790-000', 'Brazil'),0.0,11.0,60.0,741.0),
    ('pb00104',ROW('Ford', 'Kippax'),'Femke.van der Laar@mail.us','Male',ROW('5097 Loftsgordon Park', 'Khvalovo', '187435', 'Russia'),0.0,16.0,35.0,7429.0),
    ('pb00105',ROW('Bertina', 'Valek'),'JohanToler@yahoo.it','Male',ROW('41 Nevada Center', 'Narut', '289-1343', 'Japan'),0.0,18.0,21.0,7630.0),
    ('pb00106',ROW('Nellie', 'Greger'),'Milan.Baltec3@myspace.co.uk','Female',ROW('77 Menomonie Drive', 'Paris 13', '75659 CEDEX 13', 'France'),0.0,12.0,55.0,2735.0),
    ('pb00107',ROW('Sherm', 'Rendall'),'HKoch1@mail.cc','Male',ROW('5 Vernon Road', 'Zotw', '77-400', 'Poland'),0.0,8.0,18.0,1066.0),
    ('pb00108',ROW('Sal', 'Weond'),'Jackvan Doorn@hotmail.de','Female',ROW('6067 Corry Circle', 'Ozherelye', '142920', 'Russia'),0.0,7.0,25.0,2875.0),
    ('pb00109',ROW('Kara-lynn', 'MacGown'),'Peter.Dulisse1@live.de','Male',ROW('728 Bayside Crossing', 'Daytona Beach', '32128', 'United States'),0.0,3.0,51.0,7033.0),
    ('pb00110',ROW('Corissa', 'Sein'),'SMaribarski@msn.ca','Male',ROW('4 Browning Point', 'Stodolishche', '216471', 'Russia'),0.0,10.0,33.0,1035.0),
    ('pb00111',ROW('Talya', 'Leyes'),'Fred.Chwatal@excite.be','Female',ROW('1 Colorado Parkway', 'Bmyn', null, 'Afghanistan'),0.0,10.0,29.0,1971.0),
    ('pb00112',ROW('Agustin', 'Kuhnel'),'G.Thompson@mymail.cn','Male',ROW('0 Bluejay Terrace', 'lesund', '6015', 'Norway'),0.0,17.0,41.0,1452.0),
    ('pb00113',ROW('Lorianna', 'Hayball'),'BiancaGildersleeve@lycos.org','Female',ROW('672 Victoria Parkway', 'Morvka', '739 04', 'Czech Republic'),0.0,1.0,60.0,7702.0),
    ('pb00114',ROW('Dyann', 'Gilgryst'),'NigelBugno5@weboffice.org','Male',ROW('3828 Oak Valley Terrace', 'Muaralabuh', null, 'Indonesia'),0.0,4.0,16.0,3828.0),
    ('pb00115',ROW('Reena', 'Hannan'),'IAntonucci3@kpn.nl','Male',ROW('29 Hoard Avenue', 'Skaramangs', null, 'Greece'),0.0,11.0,10.0,8252.0),
    ('pb00116',ROW('Benoit', 'McDonnell'),'MCain5@excite.de','Female',ROW('3 Transport Junction', 'Severouralsk', '624486', 'Russia'),0.0,9.0,23.0,2035.0),
    ('pb00117',ROW('Klaus', 'Warmisham'),'Lindsy.Thompson2@live.org','Female',ROW('8 Bluejay Way', 'Msto Libav', '783 06', 'Czech Republic'),0.0,17.0,56.0,4007.0),
    ('pb00118',ROW('Goldia', 'Randals'),'NickPickering2@hotmail.co.uk','Male',ROW('02 Lakewood Junction', 'Kesambilerenkrajan', null, 'Indonesia'),0.0,8.0,38.0,8856.0),
    ('pb00119',ROW('Georges', 'Rickertsen'),'Rick.Deans@aol.nl','Female',ROW('49 Reindahl Park', 'Vienna', '22184', 'United States'),0.0,20.0,53.0,1211.0),
    ('pb00120',ROW('Marguerite', 'Arkley'),'FransBogdanovich@kpn.cc','Female',ROW('3764 Arkansas Drive', 'Fier', null, 'Albania'),0.0,14.0,17.0,970.0),
    ('pb00121',ROW('Ella', 'Skurm'),'Sjors.Reyes4@excite.no','Female',ROW('961 Ohio Center', 'Prupuh', null, 'Indonesia'),0.0,11.0,19.0,7237.0),
    ('pb00122',ROW('Fredelia', 'List'),'HansHendrix4@aol.it','Male',ROW('9645 Almo Street', 'Shatki', '607700', 'Russia'),0.0,5.0,55.0,890.0),
    ('pb00123',ROW('Alard', 'Plet'),'BBeckbau@telfort.de','Female',ROW('2 Express Terrace', 'Mempawah', null, 'Indonesia'),0.0,3.0,57.0,4639.0),
    ('pb00124',ROW('Jerrie', 'Gelderd'),'Victoria.Katsekes4@mymail.nl','Female',ROW('1329 Merrick Street', 'Balatero', '1489', 'Philippines'),0.0,20.0,60.0,5099.0),
    ('pb00125',ROW('Consuelo', 'Kestin'),'I.Pyland@mail.no','Male',ROW('4 Thackeray Center', 'Alicia', '7040', 'Philippines'),0.0,8.0,20.0,9408.0),
    ('pb00126',ROW('Cordy', 'Hanshawe'),'Lynn.Crocetti1@msn.no','Female',ROW('45785 Pawling Lane', 'Stockholm', '111 46', 'Sweden'),0.0,19.0,12.0,72.0),
    ('pb00127',ROW('Pamela', 'Adair'),'JimMakelaar4@lycos.nl','Female',ROW('94 Dottie Way', 'Otaniemi', '32700', 'Finland'),0.0,15.0,12.0,1449.0),
    ('pb00128',ROW('Gabriele', 'Keaves'),'Fred.Willis1@msn.no','Female',ROW('8 Blue Bill Park Hill', 'Kefang', null, 'China'),0.0,3.0,21.0,420.0),
    ('pb00129',ROW('Elsie', 'Prinn'),'Martin.Brown4@mail.co.uk','Female',ROW('130 Delladonna Plaza', 'Dassun', '3503', 'Philippines'),0.0,3.0,36.0,7700.0),
    ('pb00130',ROW('Starla', 'Gouda'),'Y.Antonucci@kpn.com','Male',ROW('421 Veith Point', 'Yajiwa', null, 'Nigeria'),0.0,13.0,31.0,5880.0),
    ('pb00131',ROW('Filia', 'Steinson'),'William.Robinson1@kpn.fr','Male',ROW('27 Dorton Crossing', 'Butare', null, 'Rwanda'),0.0,2.0,30.0,914.0),
    ('pb00132',ROW('Jocelin', 'Lestor'),'FreddyWilson@weboffice.com','Male',ROW('5717 Sycamore Street', 'Zselickislak', '7404', 'Hungary'),0.0,14.0,7.0,6354.0),
    ('pb00133',ROW('Amalle', 'Rowberry'),'Rick.Linton@mymail.net','Female',ROW('7925 Algoma Crossing', 'San Diego', '92165', 'United States'),0.0,16.0,55.0,9512.0),
    ('pb00134',ROW('Joan', 'Pinnijar'),'TreesWilson@gawab.co.uk','Female',ROW('49921 Jay Trail', 'Beslan', '363303', 'Russia'),0.0,18.0,36.0,6722.0),
    ('pb00135',ROW('Lyssa', 'Kean'),'KStevens2@gmail.be','Female',ROW('8 Burning Wood Pass', 'Marseille', '13399 CEDEX 05', 'France'),0.0,1.0,11.0,6542.0),
    ('pb00136',ROW('Nataniel', 'Caghy'),'SjorsAnderson4@gmail.us','Male',ROW('66139 Gina Way', 'Gulou', null, 'China'),0.0,16.0,55.0,5658.0),
    ('pb00137',ROW('Leo', 'Kilbourne'),'G.Daniel@kpn.net','Male',ROW('8463 Starling Pass', 'Novovolynsk', null, 'Ukraine'),0.0,15.0,42.0,8147.0),
    ('pb00138',ROW('Orlan', 'Lynd'),'JohanDelRosso@live.cc','Female',ROW('346 Glacier Hill Point', 'Alvaizere', '3250-104', 'Portugal'),0.0,4.0,38.0,5146.0),
    ('pb00139',ROW('Jeffy', 'Chellam'),'RichardKeller@gmail.dk','Female',ROW('54 Sutteridge Court', 'Wilfrido Loor Moreira', null, 'Ecuador'),0.0,1.0,9.0,4571.0),
    ('pb00140',ROW('Onofredo', 'Dradey'),'Rico.Howe@live.cn','Male',ROW('597 Petterle Park', 'Novyy Oskol', '309642', 'Russia'),0.0,12.0,37.0,9941.0),
    ('pb00141',ROW('Tierney', 'Rosel'),'MaartenReames@excite.cn','Female',ROW('1 Haas Way', 'Bandarbeyla', null, 'Somalia'),0.0,18.0,21.0,9120.0),
    ('pb00142',ROW('Ivie', 'Linforth'),'R.Dean@hotmail.net','Male',ROW('258 Blue Bill Park Way', 'La Rochelle', '17044 CEDEX 1', 'France'),0.0,2.0,34.0,8677.0),
    ('pb00143',ROW('Izzy', 'Defrain'),'Milan.Marra@msn.cn','Female',ROW('766 Bartelt Circle', 'Chamouny', null, 'Mauritius'),0.0,8.0,53.0,3091.0),
    ('pb00144',ROW('Fin', 'Gianneschi'),'Sydney.Swaine@gmail.co.uk','Female',ROW('89788 Heath Street', 'Minjian', null, 'China'),0.0,5.0,54.0,830.0),
    ('pb00145',ROW('Laurent', 'Wickenden'),'AmberLeonarda3@yahoo.no','Female',ROW('0 Starling Road', 'Tuanfeng', null, 'China'),0.0,19.0,24.0,7094.0),
    ('pb00146',ROW('Aindrea', 'Clymo'),'RickAllison@weboffice.co.uk','Female',ROW('271 Village Trail', 'Coronel Belisle', '8364', 'Argentina'),0.0,20.0,37.0,6291.0),
    ('pb00147',ROW('Sophia', 'Cowden'),'Will.Chapman@lycos.de','Male',ROW('2 Carioca Way', 'Landos', '4570-308', 'Portugal'),0.0,6.0,13.0,1787.0),
    ('pb00148',ROW('Link', 'Trustram'),'Rick.Foreman4@weboffice.ca','Female',ROW('6459 Kennedy Lane', 'Itumbiara', '75500-000', 'Brazil'),0.0,9.0,16.0,6732.0),
    ('pb00149',ROW('Terrill', 'Daoust'),'SMcgrew3@web.gov','Male',ROW('432 Iowa Parkway', 'Cibinong', null, 'Indonesia'),0.0,7.0,28.0,3435.0),
    ('pb00150',ROW('Byran', 'Kirkbright'),'BiancaBuchholz@dolfijn.fr','Female',ROW('852 Nancy Way', 'Zdolbuniv', null, 'Ukraine'),0.0,11.0,7.0,498.0);

	INSERT INTO "public"."membership_gold" VALUES
    ('pg00001',ROW('Tallie', 'Layne'),'J.Cappello@msn.net','Female',ROW('2 Warbler Avenue', 'Tirhanimne', null, 'Morocco'),5000.0,10.0,1.0,56944.0,36.51,'Concourse E'),
    ('pg00002',ROW('Hailey', 'Lentsch'),'Nick.Knight3@telefonica.cc','Male',ROW('249 Hoard Park', 'Shchkino', '301259', 'Russia'),5000.0,28.0,58.0,79280.0,38.05,'Concourse D'),
    ('pg00003',ROW('Tasha', 'Leyzell'),'Sjors.van Dijk1@mobileme.be','Female',ROW('8076 Onsgard Way', 'Ognevka', null, 'Kazakhstan'),5000.0,19.0,43.0,76699.0,43.15,'Concourse A'),
    ('pg00004',ROW('Davy', 'Beviss'),'KHaynes@libero.de','Female',ROW('5831 Alpine Circle', 'Jiangcun', null, 'China'),5000.0,27.0,6.0,55687.0,26.06,'Concourse A'),
    ('pg00005',ROW('Kiri', 'Dripp'),'FransGildersleeve1@msn.cn','Male',ROW('491 Bashford Lane', 'Melekyne', null, 'Ukraine'),5000.0,11.0,23.0,78049.0,27.56,'Concourse A'),
    ('pg00006',ROW('Granthem', 'Hammerstone'),'S.Bitmacs@aol.dk','Female',ROW('767 Rigney Alley', 'Talisayan', '9012', 'Philippines'),5000.0,2.0,44.0,78414.0,32.32,'Concourse C'),
    ('pg00007',ROW('Jen', 'Korlat'),'Ton.Moreau@libero.dk','Female',ROW('091 Marcy Drive', 'Alor Setar', '05622', 'Malaysia'),5000.0,11.0,29.0,55113.0,35.83,'Concourse C'),
    ('pg00008',ROW('Godard', 'Scriviner'),'BiancaComeau@telfort.co.uk','Male',ROW('90 Havey Trail', 'Aix-les-Bains', '73104 CEDEX', 'France'),5000.0,6.0,16.0,72194.0,31.64,'Concourse E'),
    ('pg00009',ROW('Michaella', 'Mardling'),'Leon.Novratni@hotmail.cc','Female',ROW('19826 Declaration Street', 'Cacequi', '97450-000', 'Brazil'),5000.0,6.0,56.0,63717.0,17.93,'Concourse C'),
    ('pg00010',ROW('Ninetta', 'Ravel'),'V.Polti@telefonica.us','Female',ROW('419 Coleman Lane', 'Shangmachang', null, 'China'),5000.0,7.0,11.0,69023.0,38.9,'Concourse E'),
    ('pg00011',ROW('Valene', 'Okill'),'Rick.Bergdahl4@freeweb.nl','Male',ROW('9 Dovetail Lane', 'Cibeusi', null, 'Indonesia'),5000.0,16.0,13.0,63558.0,28.26,'Concourse D'),
    ('pg00012',ROW('Thayne', 'Davson'),'HankWeaver@mymail.gov','Female',ROW('8 Glendale Terrace', 'Changchun', null, 'China'),5000.0,14.0,47.0,55657.0,39.12,'Concourse E'),
    ('pg00013',ROW('Lee', 'Marham'),'PaulineStannard@gawab.co.uk','Female',ROW('7518 Twin Pines Park', 'Energeticheskiy', null, 'Kazakhstan'),5000.0,3.0,36.0,69377.0,49.84,'Concourse D'),
    ('pg00014',ROW('Archambault', 'Suermeier'),'FredShapiro@live.de','Male',ROW('60 Independence Place', 'Tanabi', '15170-000', 'Brazil'),5000.0,19.0,50.0,53699.0,19.78,'Concourse C'),
    ('pg00015',ROW('Nikaniki', 'Thomas'),'IHowe5@telefonica.no','Female',ROW('29 Aberg Point', 'Uiasa', null, 'Indonesia'),5000.0,12.0,38.0,76871.0,44.43,'Concourse C'),
    ('pg00016',ROW('Arleta', 'Pech'),'A.Gua Lima@msn.no','Male',ROW('13668 Muir Crossing', 'Rassvet', '352421', 'Russia'),5000.0,13.0,36.0,62642.0,41.06,'Concourse C'),
    ('pg00017',ROW('Calv', 'Cyson'),'Brent.Cramer@freeweb.nl','Male',ROW('09803 Maryland Alley', 'Darvi', null, 'Mongolia'),5000.0,19.0,27.0,58272.0,30.3,'Concourse D'),
    ('pg00018',ROW('Ninnette', 'Gorner'),'PaulineZapetis3@web.es','Female',ROW('9 Brown Hill', 'Kaset Wisai', '45150', 'Thailand'),5000.0,16.0,15.0,63002.0,22.49,'Concourse C'),
    ('pg00019',ROW('Quentin', 'Kubecka'),'Jack.Crocetti@msn.nl','Male',ROW('6235 Victoria Way', 'Carrasqueira', '2420-267', 'Portugal'),5000.0,2.0,58.0,76278.0,29.9,'Concourse D'),
    ('pg00020',ROW('Deny', 'Gulvin'),'WilliamBarbee5@yahoo.cn','Female',ROW('35784 Swallow Way', 'Renfrew', 'K7V', 'Canada'),5000.0,29.0,51.0,70097.0,35.75,'Concourse E'),
    ('pg00021',ROW('Conrado', 'Pengelly'),'RWilliamson4@telefonica.ca','Female',ROW('6066 Dapin Center', 'Borisovka', '307736', 'Russia'),5000.0,14.0,25.0,63662.0,35.15,'Concourse D'),
    ('pg00022',ROW('Eudora', 'Wardingley'),'LVisentini@weboffice.us','Female',ROW('54529 Nova Circle', 'Hebeitun', null, 'China'),5000.0,13.0,16.0,59750.0,28.82,'Concourse C'),
    ('pg00023',ROW('Ragnar', 'Stouther'),'HLove@hotmail.no','Female',ROW('7927 Sugar Circle', 'Fies', '4505-224', 'Portugal'),5000.0,20.0,37.0,65501.0,11.81,'Concourse D'),
    ('pg00024',ROW('Mickie', 'Pouton'),'H.Stockton@telefonica.org','Male',ROW('925 Bobwhite Center', 'Strnice', '696 62', 'Czech Republic'),5000.0,11.0,51.0,60852.0,39.97,'Concourse C'),
    ('pg00025',ROW('Lulu', 'Nelsen'),'Will.Otto@msn.es','Female',ROW('84029 Farwell Lane', 'Sekampung', null, 'Indonesia'),5000.0,16.0,4.0,68144.0,15.99,'Concourse E'),
    ('pg00026',ROW('Derril', 'Beddie'),'Madelein.van Goes@yahoo.fr','Male',ROW('29 Moulton Pass', 'Hrabyn', '747 67', 'Czech Republic'),5000.0,18.0,2.0,55485.0,13.07,'Concourse E'),
    ('pg00027',ROW('Ethelind', 'Walpole'),'MattJulieze@mobileme.org','Female',ROW('9 Del Sol Lane', 'Nanterre', '92019 CEDEX', 'France'),5000.0,3.0,40.0,65104.0,17.55,'Concourse A'),
    ('pg00028',ROW('Elvis', 'Moxstead'),'Freddy.McCormick@myspace.nl','Male',ROW('586 Clyde Gallagher Place', 'Zhukovskiy', '142143', 'Russia'),5000.0,3.0,22.0,54071.0,20.38,'Concourse C'),
    ('pg00029',ROW('Philippe', 'Killford'),'RonRobertson@gmail.nl','Male',ROW('5181 Mosinee Parkway', 'Yunlong', null, 'China'),5000.0,10.0,14.0,68969.0,26.49,'Concourse D'),
    ('pg00030',ROW('Phil', 'MacGoun'),'James.Herring@mymail.cc','Male',ROW('7 Oakridge Trail', 'Sundsvall', '853 56', 'Sweden'),5000.0,22.0,18.0,75590.0,34.39,'Concourse C'),
    ('pg00031',ROW('Con', 'Tommaseo'),'I.Voigt@excite.no','Male',ROW('1 Main Road', 'Filothi', null, 'Greece'),5000.0,29.0,9.0,76882.0,49.27,'Concourse E'),
    ('pg00032',ROW('Hamlen', 'Najera'),'LynnFramus@excite.be','Female',ROW('1 Blackbird Alley', 'Malahide', 'K36', 'Ireland'),5000.0,4.0,46.0,67048.0,38.8,'Concourse A'),
    ('pg00033',ROW('Kirsti', 'Breeze'),'H.Stewart@web.gov','Male',ROW('87 Utah Road', 'Kvlinge', '244 82', 'Sweden'),5000.0,2.0,4.0,51379.0,30.68,'Concourse A'),
    ('pg00034',ROW('Chickie', 'Draper'),'IClarke5@mail.net','Male',ROW('30973 Helena Park', 'Phra Phutthabat', '18120', 'Thailand'),5000.0,17.0,5.0,55830.0,26.95,'Concourse D'),
    ('pg00035',ROW('Lyda', 'Richter'),'AgnesPatricelli@excite.com','Female',ROW('1 Mallard Drive', 'Sundsvall', '851 94', 'Sweden'),5000.0,22.0,1.0,62866.0,21.57,'Concourse D');

	INSERT INTO "public"."membership_platinum" VALUES
    ('pp00001',ROW('Adelind', 'Deery'),'WillKnight4@msn.be','Male',ROW('6236 Dixon Hill', 'Agualote', null, 'Honduras'),10000.0,31.0,1.0,82493.0,72.74,'Concourse C'),
    ('pp00002',ROW('Munmro', 'Volkes'),'DBright4@yahoo.co.uk','Male',ROW('45573 Spaight Parkway', 'Rumh', null, 'Yemen'),10000.0,24.0,35.0,88790.0,58.94,'Concourse C'),
    ('pp00003',ROW('Robbyn', 'Balassi'),'JohanWhite4@gmail.fr','Female',ROW('6514 Montana Center', 'Akron', '44315', 'United States'),10000.0,2.0,59.0,97895.0,4.56,'Concourse C'),
    ('pp00004',ROW('Alix', 'Ingliss'),'Peter.Caouette4@weboffice.org','Female',ROW('7 Tennyson Center', 'Khnaqh', null, 'Afghanistan'),10000.0,37.0,5.0,98104.0,8.83,'Concourse C'),
    ('pp00005',ROW('Devinne', 'McLorinan'),'Maddy.van Dijk@mobileme.be','Female',ROW('9545 Hayes Circle', 'Nrpes', '64210', 'Finland'),10000.0,20.0,18.0,89991.0,2.84,'Concourse D'),
    ('pp00006',ROW('Heddi', 'Denty'),'FreddyLawton@yahoo.gov','Female',ROW('2 Hoard Alley', 'Rietavas', '90018', 'Lithuania'),10000.0,21.0,59.0,83438.0,7.95,'Concourse E'),
    ('pp00007',ROW('Bartholomew', 'Rumming'),'R.Stevens@weboffice.cc','Male',ROW('4 Eggendart Hill', 'Richibucto', 'E4W', 'Canada'),10000.0,19.0,50.0,93287.0,5.24,'Concourse C'),
    ('pp00008',ROW('Merna', 'Bevis'),'Fred.Sterrett@dolfijn.com','Female',ROW('2849 Vernon Terrace', 'Dosso', null, 'Niger'),10000.0,1.0,8.0,95767.0,4.75,'Concourse C'),
    ('pp00009',ROW('Bella', 'Ayto'),'TSymbouras@live.be','Female',ROW('28 Summerview Alley', 'Yanping', null, 'China'),10000.0,18.0,35.0,93002.0,74.61,'Concourse A'),
    ('pp00010',ROW('Moselle', 'Coney'),'B.Pekagnan@gmail.org','Male',ROW('26 Johnson Plaza', 'Kristiansund N', '6506', 'Norway'),10000.0,38.0,26.0,92775.0,7.64,'Concourse E'),
    ('pp00011',ROW('Doralin', 'Rousell'),'PeterKnopp@libero.com','Male',ROW('638 Eagan Center', 'Privlaka', '32251', 'Croatia'),10000.0,32.0,1.0,82327.0,5.71,'Concourse D'),
    ('pp00012',ROW('Sergei', 'Turmell'),'GMoore1@gawab.ca','Male',ROW('48 Blackbird Park', 'Chortkiv', null, 'Ukraine'),10000.0,23.0,59.0,95051.0,41.89,'Concourse D'),
    ('pp00013',ROW('Lockwood', 'Goucher'),'Nick.Helbush5@mobileme.com','Female',ROW('86 Namekagon Crossing', 'Kapyl', null, 'Belarus'),10000.0,21.0,21.0,80929.0,6.34,'Concourse A'),
    ('pp00014',ROW('King', 'Laurie'),'PattyDuvall3@lycos.fr','Female',ROW('7 Fair Oaks Alley', 'Sukapura', null, 'Indonesia'),10000.0,2.0,23.0,87669.0,5.22,'Concourse A'),
    ('pp00015',ROW('Desdemona', 'McCromley'),'BasAnderson5@yahoo.ca','Female',ROW('26 Luster Junction', 'Linao', '2017', 'Philippines'),10000.0,37.0,49.0,98353.0,52.62,'Concourse C');

INSERT INTO "public"."membership_silver" VALUES
    ('ps00001',ROW('Derk', 'Rizzotto'),'Peter.Ayers4@mymail.gov','Male',ROW('623 Springs Trail', 'Shikrpur', '80501', 'Pakistan'),3000.0,1.0,2.0,17719.0),
    ('ps00002',ROW('Whitney', 'Messingham'),'J.Gibson5@freeweb.no','Male',ROW('5 Oak Trail', 'Jindong', null, 'China'),3000.0,10.0,49.0,11190.0),
    ('ps00003',ROW('Kris', 'Glasheen'),'Frank.Slater@web.nl','Male',ROW('41202 Sommers Parkway', 'Vhma', null, 'Estonia'),3000.0,10.0,27.0,31371.0),
    ('ps00004',ROW('Shannan', 'Alexandre'),'J.Koch4@weboffice.co.uk','Male',ROW('42 Eagle Crest Place', 'Qingminghe', null, 'China'),3000.0,5.0,28.0,32811.0),
    ('ps00005',ROW('Pegeen', 'Volke'),'Mart.Hummel@mymail.com','Female',ROW('6 Butternut Way', 'Nanhai', null, 'China'),3000.0,3.0,56.0,49613.0),
    ('ps00006',ROW('Edgard', 'McEnery'),'BKorkovski@mymail.net','Female',ROW('99736 Manley Crossing', 'Shuangfeng', null, 'China'),3000.0,8.0,25.0,24501.0),
    ('ps00007',ROW('Athena', 'Mitchel'),'Fred.Hankins3@aol.cc','Female',ROW('050 Barby Lane', 'Sandefjord', '3249', 'Norway'),3000.0,18.0,56.0,36996.0),
    ('ps00008',ROW('Sibley', 'Soutar'),'BasNahay@dolfijn.cc','Female',ROW('77 Ruskin Lane', 'Chaiyaphum', '36180', 'Thailand'),3000.0,4.0,46.0,39587.0),
    ('ps00009',ROW('Amelia', 'Cornewell'),'JohanHaynes5@hotmail.gov','Male',ROW('432 Straubel Plaza', 'Gonghe', null, 'China'),3000.0,14.0,48.0,45856.0),
    ('ps00010',ROW('Izzy', 'Marusic'),'Ron.Bertelson5@gawab.co.uk','Female',ROW('16401 Vahlen Avenue', 'Los Angeles', '90189', 'United States'),3000.0,16.0,18.0,19201.0),
    ('ps00011',ROW('Woodie', 'Porritt'),'Milan.Marra4@kpn.no','Male',ROW('922 Arrowood Terrace', 'Raejeru', null, 'Indonesia'),3000.0,2.0,58.0,47766.0),
    ('ps00012',ROW('Malva', 'Dorant'),'Mike.Bright5@yahoo.cn','Female',ROW('8 Sunfield Court', 'Poshnje', null, 'Albania'),3000.0,14.0,30.0,22734.0),
    ('ps00013',ROW('Willie', 'Traves'),'P.Archer@lycos.no','Male',ROW('336 Boyd Place', 'Eskilstuna', '631 02', 'Sweden'),3000.0,17.0,54.0,45969.0),
    ('ps00014',ROW('Mort', 'Gumm'),'P.Foreman@mobileme.fr','Male',ROW('13725 Lighthouse Bay Point', 'Brxull', null, 'Albania'),3000.0,12.0,16.0,41460.0),
    ('ps00015',ROW('Mitchael', 'Starte'),'MattijsZimmerman5@yahoo.fr','Male',ROW('42 Lyons Way', 'Juanshui', null, 'China'),3000.0,10.0,57.0,15656.0),
    ('ps00016',ROW('Federica', 'Brumen'),'TreesHerzog@mail.no','Female',ROW('0 Morning Alley', 'Skuratovskiy', '301070', 'Russia'),3000.0,20.0,3.0,47193.0),
    ('ps00017',ROW('Lethia', 'Gramer'),'EDulisse@kpn.com','Female',ROW('22824 Bartelt Center', 'Podwilk', '34-722', 'Poland'),3000.0,9.0,58.0,28972.0),
    ('ps00018',ROW('Kermit', 'Gronou'),'RichardManson@weboffice.dk','Male',ROW('3081 Prairieview Circle', 'Bojnik', null, 'Serbia'),3000.0,12.0,55.0,17862.0),
    ('ps00019',ROW('Kelcy', 'Blethyn'),'PetraArnold@lycos.it','Male',ROW('98699 Cascade Pass', 'Hamburg Sankt Pauli', '20459', 'Germany'),3000.0,7.0,41.0,11629.0),
    ('ps00020',ROW('Emmalynn', 'Wix'),'R.Cross@mymail.dk','Female',ROW('82 Brickson Park Park', 'So Bartolomeu', '9700-505', 'Portugal'),3000.0,6.0,28.0,11874.0),
    ('ps00021',ROW('Frants', 'Devote'),'Frank.Nahay5@hotmail.es','Female',ROW('58862 Blue Bill Park Street', 'Shucheng Chengguanzhen', null, 'China'),3000.0,11.0,43.0,27986.0),
    ('ps00022',ROW('Sindee', 'Vaugham'),'Trees.Anthony4@freeweb.co.uk','Female',ROW('5966 Sunbrook Circle', 'Gunungangka', null, 'Indonesia'),3000.0,8.0,28.0,13139.0),
    ('ps00023',ROW('Felicle', 'Allgood'),'RTurk5@libero.ca','Female',ROW('33499 Bobwhite Pass', 'Leuwidamar', null, 'Indonesia'),3000.0,19.0,40.0,41492.0),
    ('ps00024',ROW('Noreen', 'Dewar'),'RBrumley@gmail.no','Male',ROW('99732 Stephen Avenue', 'Dukuhsia', null, 'Indonesia'),3000.0,15.0,4.0,38638.0),
    ('ps00025',ROW('Carly', 'Hammel'),'IWatson5@yahoo.de','Female',ROW('9 Oak Valley Center', 'Timrat', null, 'Israel'),3000.0,2.0,24.0,27345.0),
    ('ps00026',ROW('Esta', 'Vogele'),'JakeCrocetti@mobileme.us','Female',ROW('67407 Mesta Place', 'Pulau Pinang', '10840', 'Malaysia'),3000.0,8.0,28.0,10402.0),
    ('ps00027',ROW('Heddi', 'Truman'),'Hank.Pierce@mobileme.com','Female',ROW('97 Emmet Crossing', 'Antananarivo', null, 'Madagascar'),3000.0,19.0,43.0,44260.0),
    ('ps00028',ROW('Riva', 'Karlsson'),'MartinGuethlein@libero.us','Female',ROW('52 Cascade Park', 'Semanding', null, 'Indonesia'),3000.0,12.0,46.0,23783.0),
    ('ps00029',ROW('Moritz', 'Emloch'),'Peter.Helbush@hotmail.com','Male',ROW('00 Kings Pass', 'Gent', '9052', 'Belgium'),3000.0,9.0,54.0,42208.0),
    ('ps00030',ROW('Brittaney', 'Simonnin'),'PIgolavski@live.com','Female',ROW('187 Tennessee Crossing', 'entvid pri Stini', '1296', 'Slovenia'),3000.0,16.0,17.0,13881.0),
    ('ps00031',ROW('Paulina', 'Caughey'),'BrentMartin@hotmail.ca','Female',ROW('189 Stuart Terrace', 'Sonzacate', null, 'El Salvador'),3000.0,14.0,53.0,33011.0),
    ('ps00032',ROW('Pattie', 'Gail'),'R.Aldritch@mail.net','Female',ROW('905 Meadow Valley Way', 'Tundagan', null, 'Indonesia'),3000.0,20.0,18.0,32026.0),
    ('ps00033',ROW('Jillene', 'Daens'),'Fred.Slocum@msn.ca','Male',ROW('803 Nobel Court', 'Xixiang', null, 'China'),3000.0,20.0,59.0,20663.0),
    ('ps00034',ROW('Traci', 'Lightbowne'),'MaddyMakelaar1@telefonica.com','Male',ROW('52 Dakota Pass', 'Telaga', null, 'Indonesia'),3000.0,14.0,28.0,34153.0),
    ('ps00035',ROW('Gerard', 'Golby'),'Bas.Kellock5@lycos.de','Female',ROW('2 Ridgeway Junction', 'Fond du Sac', null, 'Mauritius'),3000.0,14.0,35.0,18249.0),
    ('ps00036',ROW('Mendy', 'Juris'),'Geoffry.Kuehn@freeweb.org','Female',ROW('23 Bonner Hill', 'Mayma', '659780', 'Russia'),3000.0,10.0,6.0,12989.0),
    ('ps00037',ROW('Ches', 'Cloonan'),'William.Franklin@gawab.es','Male',ROW('784 Melrose Lane', 'Itpolis', '14900-000', 'Brazil'),3000.0,18.0,56.0,48343.0),
    ('ps00038',ROW('Dev', 'Orred'),'BrentToler@kpn.com','Male',ROW('27047 Kings Junction', 'Ambilobe', null, 'Madagascar'),3000.0,10.0,54.0,35882.0),
    ('ps00039',ROW('Agnesse', 'Aspy'),'L.Blount3@telfort.no','Female',ROW('78 Dayton Circle', 'Somerset East', '5850', 'South Africa'),3000.0,3.0,14.0,33761.0),
    ('ps00040',ROW('Sauveur', 'Fryd'),'IWaddell1@freeweb.de','Male',ROW('25734 Dorton Hill', 'Estoril', '2765-184', 'Portugal'),3000.0,17.0,12.0,40185.0),
    ('ps00041',ROW('Carmel', 'Fireman'),'VincentPhelps@kpn.de','Male',ROW('4 Prairie Rose Place', 'Yessentuki', '357637', 'Russia'),3000.0,20.0,31.0,15530.0),
    ('ps00042',ROW('Madalena', 'Rushsorth'),'GMoore@freeweb.be','Male',ROW('003 Susan Drive', 'Tapes', '96760-000', 'Brazil'),3000.0,14.0,40.0,48048.0),
    ('ps00043',ROW('Abbe', 'Sommerlie'),'TreesGibson@excite.no','Female',ROW('9608 Cherokee Plaza', 'San Francisco', '8501', 'Philippines'),3000.0,11.0,2.0,24975.0),
    ('ps00044',ROW('Juliann', 'Burwell'),'JGriffith4@excite.nl','Male',ROW('61 Novick Parkway', 'Krnik', '62-035', 'Poland'),3000.0,16.0,48.0,32498.0),
    ('ps00045',ROW('Pansy', 'Westwood'),'AToreau@telfort.be','Male',ROW('1721 Hollow Ridge Drive', 'Jatisari', null, 'Indonesia'),3000.0,9.0,12.0,26766.0),
    ('ps00046',ROW('Wendel', 'Pursehouse'),'Petra.Fernandez@msn.be','Male',ROW('07 Sherman Pass', 'Npongge', null, 'Indonesia'),3000.0,15.0,57.0,36686.0),
    ('ps00047',ROW('Kendra', 'Ead'),'BrentLee@telefonica.no','Female',ROW('5 Delaware Court', 'Novomoskovsk', null, 'Ukraine'),3000.0,4.0,9.0,39826.0),
    ('ps00048',ROW('Gloriana', 'Lacoste'),'Leon.Korkovski@telfort.co.uk','Female',ROW('5409 Pennsylvania Lane', 'Dartang', null, 'China'),3000.0,16.0,40.0,38171.0),
    ('ps00049',ROW('Jess', 'Dreakin'),'T.Hancock1@aol.dk','Female',ROW('908 Dapin Terrace', 'Unin', '2529', 'Argentina'),3000.0,16.0,42.0,32963.0),
    ('ps00050',ROW('Bond', 'Tottman'),'FredLiddle@yahoo.ca','Female',ROW('85 Elgar Place', 'Berlin', '10715', 'Germany'),3000.0,17.0,29.0,20119.0),
    ('ps00051',ROW('Corrie', 'Carlon'),'RToreau@weboffice.fr','Female',ROW('93 Grim Place', 'Xianrendu', null, 'China'),3000.0,1.0,7.0,42106.0),
    ('ps00052',ROW('Tito', 'Lassey'),'FredHardoon4@yahoo.be','Female',ROW('92969 Michigan Court', 'La Unin', '19009', 'Guatemala'),3000.0,19.0,24.0,41290.0),
    ('ps00053',ROW('Rick', 'MacCleod'),'E.Ayers1@web.cn','Female',ROW('4 Novick Lane', 'Bualu', null, 'Indonesia'),3000.0,17.0,55.0,46013.0),
    ('ps00054',ROW('Gard', 'Goligly'),'TreesBloom2@mail.net','Female',ROW('52 Lindbergh Alley', 'Langley', 'SG4', 'United Kingdom'),3000.0,18.0,58.0,26691.0),
    ('ps00055',ROW('Koenraad', 'Ludovico'),'Oliver.Polti5@live.no','Female',ROW('36481 Hansons Court', 'Nizui', null, 'China'),3000.0,5.0,43.0,27332.0),
    ('ps00056',ROW('Shaina', 'Barabisch'),'SuusGrote@lycos.dk','Male',ROW('0102 Farwell Park', 'Cukangpanjang', null, 'Indonesia'),3000.0,3.0,26.0,10766.0),
    ('ps00057',ROW('Lilllie', 'Speir'),'VincentSharp@weboffice.dk','Male',ROW('82 Kingsford Plaza', 'Radostowice', '43-243', 'Poland'),3000.0,19.0,1.0,15894.0),
    ('ps00058',ROW('Omar', 'Weavers'),'BenLeonarda@live.nl','Male',ROW('79949 Pennsylvania Way', 'Al Qadms', null, 'Syria'),3000.0,11.0,21.0,15002.0),
    ('ps00059',ROW('Tilly', 'O''Carney'),'MaddyArden1@dolfijn.be','Male',ROW('3525 Mayfield Plaza', 'Tangtou', null, 'China'),3000.0,4.0,60.0,41099.0),
    ('ps00060',ROW('Alix', 'O''Donohue'),'Bill.Nahay3@mail.gov','Female',ROW('61387 Di Loreto Hill', 'Mlndal', '431 66', 'Sweden'),3000.0,15.0,57.0,31823.0),
    ('ps00061',ROW('Ban', 'McGairl'),'D.Phillips4@mobileme.es','Male',ROW('90595 Lerdahl Alley', 'Aquitania', '152429', 'Colombia'),3000.0,12.0,4.0,10284.0),
    ('ps00062',ROW('Englebert', 'Melding'),'MaartenVan Dinter@yahoo.it','Male',ROW('4107 Nancy Hill', 'Maxixe', null, 'Mozambique'),3000.0,4.0,45.0,36645.0),
    ('ps00063',ROW('Ivette', 'Martignon'),'MattijsBrown@hotmail.ca','Female',ROW('3 Sauthoff Place', 'Braslia', '70000-000', 'Brazil'),3000.0,7.0,43.0,19943.0),
    ('ps00064',ROW('Michale', 'Searchwell'),'Will.Plantz@kpn.gov','Female',ROW('85 Division Terrace', 'Yesan', null, 'South Korea'),3000.0,19.0,30.0,39979.0),
    ('ps00065',ROW('Kacey', 'Wimmer'),'Nick.Wakefield5@libero.no','Female',ROW('55 Buena Vista Junction', 'Xiage', null, 'China'),3000.0,4.0,43.0,16668.0),
    ('ps00066',ROW('Clair', 'Shah'),'H.Manson@gawab.cn','Female',ROW('07642 Amoth Hill', 'Mesgi', null, 'Cyprus'),3000.0,2.0,18.0,41436.0),
    ('ps00067',ROW('Simonne', 'Pilmer'),'BillWhite@gmail.fr','Female',ROW('4 Cordelia Road', 'Anjie', null, 'China'),3000.0,1.0,59.0,14699.0),
    ('ps00068',ROW('Dido', 'Kear'),'KKellock2@dolfijn.ca','Female',ROW('2839 School Avenue', 'Lantera', null, 'Indonesia'),3000.0,17.0,31.0,37532.0),
    ('ps00069',ROW('Ollie', 'Sharples'),'TBrown@lycos.es','Female',ROW('2 Laurel Terrace', 'Wonosari', null, 'Indonesia'),3000.0,17.0,23.0,46946.0),
    ('ps00070',ROW('Cesar', 'Morton'),'RoyHollman3@live.ca','Male',ROW('459 Mayer Junction', 'Kudang', null, 'Indonesia'),3000.0,10.0,50.0,45150.0),
    ('ps00071',ROW('Luce', 'Mitchall'),'Kylie.Anderson@mymail.it','Female',ROW('1 Arkansas Street', 'Sibulan', '6201', 'Philippines'),3000.0,12.0,26.0,36361.0),
    ('ps00072',ROW('Melessa', 'Sneden'),'Trees.Gaskins5@weboffice.co.uk','Female',ROW('30965 Tennyson Center', 'Bagikkedok Lauk', null, 'Indonesia'),3000.0,13.0,35.0,32545.0),
    ('ps00073',ROW('Evan', 'Aldhous'),'Bianca.Ostanik4@mail.cc','Female',ROW('187 Crownhardt Plaza', 'Galn', '684058', 'Colombia'),3000.0,15.0,42.0,24545.0),
    ('ps00074',ROW('Beltran', 'Richardot'),'EricCantere1@msn.dk','Male',ROW('3256 Havey Pass', 'Chalu', null, 'China'),3000.0,1.0,16.0,19758.0),
    ('ps00075',ROW('Lucky', 'Swaby'),'Hvan Dijk@gawab.it','Female',ROW('4314 Moose Road', 'Laojieji', null, 'China'),3000.0,8.0,24.0,44442.0),
    ('ps00076',ROW('Cordell', 'Petegree'),'G.Katsekes@telfort.it','Female',ROW('78559 Shelley Junction', 'Esperanza', '5131', 'Argentina'),3000.0,16.0,36.0,20328.0),
    ('ps00077',ROW('Cristi', 'Gooddie'),'Rogier.Sharp1@hotmail.no','Female',ROW('87551 Straubel Way', 'Qimantage', null, 'China'),3000.0,13.0,14.0,14026.0),
    ('ps00078',ROW('Joete', 'Edel'),'JackOlson4@hotmail.cn','Female',ROW('10 Arizona Point', 'Zhichu', null, 'China'),3000.0,17.0,57.0,26158.0),
    ('ps00079',ROW('Sibella', 'Broadis'),'Hank.Archer4@freeweb.com','Female',ROW('43 Fuller Parkway', 'Horad Barysaw', null, 'Belarus'),3000.0,2.0,43.0,37830.0),
    ('ps00080',ROW('Selig', 'Tudball'),'FreddyLamere5@gmail.de','Male',ROW('35823 Tony Center', 'Landos', '4570-308', 'Portugal'),3000.0,13.0,38.0,47425.0),
    ('ps00081',ROW('Pail', 'Wragge'),'VictoriaDaley@telefonica.net','Female',ROW('11 Orin Way', 'Fudian', null, 'China'),3000.0,3.0,33.0,33198.0),
    ('ps00082',ROW('Averil', 'Gough'),'VincentStannard@freeweb.nl','Male',ROW('97 Hauk Hill', 'Tallaght', 'D24', 'Ireland'),3000.0,1.0,37.0,29409.0),
    ('ps00083',ROW('Modesty', 'Ollis'),'Frank.Long@myspace.no','Male',ROW('01 Waxwing Point', 'La Labor', null, 'Honduras'),3000.0,10.0,34.0,48151.0),
    ('ps00084',ROW('Erv', 'McKew'),'P.Gieske@web.be','Female',ROW('8 Northwestern Street', 'Ksi Wielkopolski', '63-130', 'Poland'),3000.0,8.0,38.0,38098.0),
    ('ps00085',ROW('Laurella', 'Duckerin'),'MattijsDaniel@hotmail.no','Female',ROW('0517 Rowland Place', 'Tanahmerah', null, 'Indonesia'),3000.0,5.0,34.0,47720.0),
    ('ps00086',ROW('Chrissy', 'Meeke'),'Dan.Leonarda@mymail.com','Female',ROW('3 Darwin Crossing', 'Danxi', null, 'China'),3000.0,2.0,25.0,36471.0),
    ('ps00087',ROW('Eartha', 'Hickin'),'Bas.Slocum@gawab.cc','Male',ROW('794 Novick Pass', 'Hrvatini', '6281', 'Slovenia'),3000.0,5.0,51.0,35629.0),
    ('ps00088',ROW('Linette', 'Batecok'),'Mattijs.Millis5@libero.org','Female',ROW('5752 Garrison Hill', 'Mabyan', null, 'Yemen'),3000.0,20.0,6.0,23309.0),
    ('ps00089',ROW('Annis', 'Delamaine'),'Vincent.Framus@aol.es','Female',ROW('17 Talmadge Point', 'Herzliyya', null, 'Israel'),3000.0,15.0,20.0,28216.0),
    ('ps00090',ROW('Hanan', 'Buxsey'),'DickBernstein2@dolfijn.fr','Female',ROW('9396 Dryden Plaza', 'Mankoeng', '0769', 'South Africa'),3000.0,10.0,31.0,36431.0),
    ('ps00091',ROW('Culley', 'Dowdney'),'FransSlater1@dolfijn.fr','Female',ROW('44677 Maple Wood Park', 'Greven', null, 'Greece'),3000.0,16.0,43.0,47441.0),
    ('ps00092',ROW('Melisa', 'Cattrell'),'NJiminez@freeweb.dk','Female',ROW('65944 Cambridge Parkway', 'Jiujiang', null, 'China'),3000.0,9.0,18.0,12207.0),
    ('ps00093',ROW('Felicity', 'Turnor'),'H.Baltec2@mobileme.gov','Female',ROW('88 New Castle Crossing', 'Lelkowo', '14-521', 'Poland'),3000.0,2.0,53.0,29883.0),
    ('ps00094',ROW('Robbert', 'Laneham'),'EPearlman@libero.gov','Female',ROW('915 Linden Crossing', 'Paraguar', null, 'Paraguay'),3000.0,19.0,40.0,23245.0),
    ('ps00095',ROW('Dalston', 'Snowball'),'Sydney.Blount2@telefonica.no','Female',ROW('2 Anderson Plaza', 'Chutove', null, 'Ukraine'),3000.0,20.0,30.0,38580.0),
    ('ps00096',ROW('Denni', 'Harrowell'),'INobles@live.cn','Female',ROW('56330 Graceland Circle', 'Tayum', '2803', 'Philippines'),3000.0,8.0,31.0,26111.0),
    ('ps00097',ROW('Ediva', 'Bartul'),'K.Blount3@mymail.nl','Male',ROW('1 Esch Hill', 'Bolo', '4201', 'Philippines'),3000.0,16.0,41.0,14600.0),
    ('ps00098',ROW('Gilli', 'Pyke'),'BBotsik@yahoo.com','Female',ROW('0 Del Mar Hill', 'Pacora', null, 'Panama'),3000.0,6.0,27.0,20967.0),
    ('ps00099',ROW('Jenifer', 'Mullin'),'SRoche@mail.us','Female',ROW('95801 Sunfield Pass', 'Daxing', null, 'China'),3000.0,8.0,57.0,35213.0),
    ('ps00100',ROW('Zelma', 'Cone'),'YSeibel@gawab.it','Male',ROW('24 Paget Place', 'Catalo', '75700-000', 'Brazil'),3000.0,14.0,3.0,14995.0);

INSERT INTO "public"."payment" ("payment_id","payment_price","payment_time","payment_status","payment_method") VALUES 
('pa00001',4492.54,'01/27/2019 05:35:00','Paid','Offline'),
('pa00002',34989.48,'01/21/2019 07:29:00','Unpaid','Offline'),
('pa00003',4825.58,'01/16/2019 10:21:00','Paid','Offline'),
('pa00004',11662.29,'01/18/2019 03:04:00','Unpaid','Online'),
('pa00005',27420,'01/19/2019 10:20:00','Unpaid','Online'),
('pa00006',7761.35,'01/26/2019 04:19:00','Paid','Offline'),
('pa00007',3229.3,'01/17/2019 02:05:00','Unpaid','Online'),
('pa00008',9211.88,'01/29/2019 05:38:00','Unpaid','Online'),
('pa00009',8719.31,'01/16/2019 02:56:00','Unpaid','Online'),
('pa00010',8911.04,'01/16/2019 10:41:00','Paid','Online'),
('pa00011',3965.26,'01/27/2019 04:38:00','Unpaid','Online'),
('pa00012',9188.23,'01/29/2019 03:43:00','Paid','Offline'),
('pa00013',2345.32,'01/22/2019 03:05:00','Paid','Offline'),
('pa00014',6429.09,'01/23/2019 05:16:00','Paid','Online'),
('pa00015',6189.18,'01/29/2019 02:28:00','Unpaid','Offline'),
('pa00016',4701.99,'01/24/2019 04:05:00','Paid','Offline'),
('pa00017',6119.78,'01/26/2019 01:09:00','Paid','Offline'),
('pa00018',7423.73,'01/23/2019 05:52:00','Unpaid','Offline'),
('pa00019',1355.07,'01/19/2019 04:41:00','Unpaid','Online'),
('pa00020',49232.65,'01/19/2019 02:33:00','Paid','Offline'),
('pa00021',4639.49,'01/28/2019 08:41:00','Paid','Online'),
('pa00022',23689.32,'01/23/2019 08:02:00','Paid','Offline'),
('pa00023',43654.68,'01/29/2019 10:51:00','Unpaid','Offline'),
('pa00024',2171.66,'01/24/2019 04:50:00','Paid','Offline'),
('pa00025',13624.48,'01/19/2019 07:40:00','Unpaid','Online'),
('pa00026',2947.78,'01/22/2019 03:23:00','Paid','Online'),
('pa00027',46402.04,'01/28/2019 07:30:00','Unpaid','Offline'),
('pa00028',44959.67,'01/26/2019 02:51:00','Unpaid','Online'),
('pa00029',10684.58,'01/18/2019 01:26:00','Paid','Online'),
('pa00030',9407.53,'01/24/2019 08:13:00','Paid','Offline'),
('pa00031',4506.54,'01/29/2019 00:53:00','Paid','Offline'),
('pa00032',3662.64,'01/22/2019 08:14:00','Unpaid','Online'),
('pa00033',8828.64,'01/27/2019 07:41:00','Unpaid','Online'),
('pa00034',4019.88,'01/28/2019 07:57:00','Paid','Offline'),
('pa00035',37693.91,'01/17/2019 02:58:00','Paid','Online'),
('pa00036',3136.59,'01/16/2019 05:56:00','Unpaid','Offline'),
('pa00037',9940.3,'01/22/2019 02:54:00','Paid','Offline'),
('pa00038',3748.32,'01/20/2019 03:37:00','Paid','Online'),
('pa00039',2721.22,'01/23/2019 10:38:00','Unpaid','Offline'),
('pa00040',26886.46,'01/27/2019 09:03:00','Unpaid','Online'),
('pa00041',6442.83,'01/25/2019 06:26:00','Unpaid','Online'),
('pa00042',48727.68,'01/18/2019 07:10:00','Unpaid','Online'),
('pa00043',4910.07,'01/16/2019 09:47:00','Unpaid','Offline'),
('pa00044',6280.25,'01/28/2019 01:15:00','Unpaid','Offline'),
('pa00045',5911.98,'01/22/2019 08:51:00','Paid','Online'),
('pa00046',48858.74,'01/20/2019 02:12:00','Unpaid','Online'),
('pa00047',25922.59,'01/16/2019 08:21:00','Unpaid','Offline'),
('pa00048',4437.22,'01/27/2019 04:14:00','Unpaid','Offline'),
('pa00049',35041.47,'01/23/2019 05:40:00','Unpaid','Offline'),
('pa00050',4923.73,'01/26/2019 04:43:00','Unpaid','Online'),
('pa00051',23984.69,'01/22/2019 00:34:00','Paid','Online'),
('pa00052',6406.8,'01/26/2019 08:11:00','Unpaid','Offline'),
('pa00053',2427.12,'01/24/2019 09:40:00','Paid','Offline'),
('pa00054',7170.25,'01/29/2019 06:20:00','Unpaid','Offline'),
('pa00055',24176.83,'01/25/2019 07:28:00','Paid','Offline'),
('pa00056',5104.41,'01/21/2019 01:20:00','Unpaid','Online'),
('pa00057',6502.97,'01/29/2019 02:17:00','Unpaid','Offline'),
('pa00058',4118.78,'01/17/2019 06:34:00','Unpaid','Offline'),
('pa00059',1230.58,'01/29/2019 09:08:00','Paid','Offline'),
('pa00060',23227.23,'01/21/2019 00:49:00','Paid','Offline'),
('pa00061',4513.74,'01/23/2019 00:25:00','Paid','Online'),
('pa00062',6216.32,'01/23/2019 05:52:00','Unpaid','Offline'),
('pa00063',6151.96,'01/26/2019 05:49:00','Paid','Offline'),
('pa00064',2268.68,'01/21/2019 01:45:00','Unpaid','Offline'),
('pa00065',1907.23,'01/19/2019 01:50:00','Paid','Online'),
('pa00066',36912.36,'01/26/2019 04:46:00','Unpaid','Online'),
('pa00067',45513.38,'01/23/2019 02:34:00','Unpaid','Offline'),
('pa00068',5509.01,'01/17/2019 03:34:00','Unpaid','Offline'),
('pa00069',9375.36,'01/18/2019 06:52:00','Paid','Offline'),
('pa00070',39593.23,'01/19/2019 00:44:00','Unpaid','Offline'),
('pa00071',6960.9,'01/19/2019 03:40:00','Unpaid','Offline'),
('pa00072',8621.41,'01/17/2019 05:28:00','Unpaid','Offline'),
('pa00073',7585.71,'01/20/2019 07:30:00','Paid','Online'),
('pa00074',4595.9,'01/19/2019 05:19:00','Paid','Offline'),
('pa00075',3152.52,'01/25/2019 02:29:00','Paid','Online'),
('pa00076',7996.84,'01/17/2019 07:21:00','Unpaid','Offline'),
('pa00077',8598.71,'01/29/2019 04:08:00','Paid','Online'),
('pa00078',6260.81,'01/20/2019 06:32:00','Paid','Online'),
('pa00079',21785.41,'01/20/2019 00:01:00','Paid','Online'),
('pa00080',7209.26,'01/27/2019 05:23:00','Unpaid','Online'),
('pa00081',8602.67,'01/22/2019 06:08:00','Paid','Offline'),
('pa00082',7531.86,'01/18/2019 05:49:00','Paid','Online'),
('pa00083',1097.93,'01/22/2019 08:36:00','Paid','Offline'),
('pa00084',6966.97,'01/18/2019 06:11:00','Paid','Offline'),
('pa00085',7532.56,'01/19/2019 08:52:00','Unpaid','Online'),
('pa00086',3460.87,'01/29/2019 07:37:00','Unpaid','Online'),
('pa00087',1579.38,'01/26/2019 01:35:00','Paid','Online'),
('pa00088',7047.85,'01/24/2019 06:09:00','Paid','Online'),
('pa00089',8009.58,'01/20/2019 02:28:00','Unpaid','Offline'),
('pa00090',9555.83,'01/24/2019 09:18:00','Paid','Offline'),
('pa00091',7351.34,'01/18/2019 07:56:00','Unpaid','Offline'),
('pa00092',31268.5,'01/17/2019 07:28:00','Unpaid','Online'),
('pa00093',9367.21,'01/24/2019 05:05:00','Paid','Offline'),
('pa00094',42192.63,'01/18/2019 08:18:00','Paid','Online'),
('pa00095',4745.39,'01/28/2019 04:35:00','Unpaid','Offline'),
('pa00096',9882.94,'01/28/2019 06:44:00','Unpaid','Online'),
('pa00097',29168.17,'01/30/2019 01:38:00','Paid','Online'),
('pa00098',7038.25,'01/18/2019 05:17:00','Paid','Offline'),
('pa00099',8335.98,'01/22/2019 04:40:00','Paid','Online'),
('pa00100',34321.73,'01/17/2019 00:42:00','Unpaid','Online'),
('pa00101',39656.16,'01/21/2019 10:56:00','Paid','Offline'),
('pa00102',5488.68,'01/16/2019 00:21:00','Paid','Offline'),
('pa00103',4892.09,'01/24/2019 03:28:00','Paid','Offline'),
('pa00104',2453.96,'01/22/2019 01:10:00','Unpaid','Offline'),
('pa00105',15854.78,'01/28/2019 07:00:00','Paid','Online'),
('pa00106',9501.42,'01/18/2019 06:40:00','Paid','Online'),
('pa00107',2433.69,'01/19/2019 08:43:00','Unpaid','Online'),
('pa00108',32183.85,'01/21/2019 02:46:00','Paid','Online'),
('pa00109',27332.23,'01/29/2019 06:45:00','Unpaid','Offline'),
('pa00110',3072.77,'01/24/2019 05:02:00','Unpaid','Online'),
('pa00111',4579.78,'01/21/2019 09:52:00','Paid','Online'),
('pa00112',3174.24,'01/26/2019 08:46:00','Paid','Offline'),
('pa00113',19558.98,'01/17/2019 01:40:00','Paid','Online'),
('pa00114',19912.41,'01/30/2019 05:23:00','Unpaid','Online'),
('pa00115',1874.03,'01/22/2019 03:02:00','Paid','Online'),
('pa00116',1891.35,'01/23/2019 04:56:00','Paid','Offline'),
('pa00117',8940.25,'01/21/2019 04:49:00','Unpaid','Offline'),
('pa00118',8642.62,'01/20/2019 03:24:00','Paid','Offline'),
('pa00119',7430.32,'01/23/2019 02:03:00','Unpaid','Offline'),
('pa00120',6725.11,'01/28/2019 06:46:00','Unpaid','Online'),
('pa00121',7466.71,'01/20/2019 00:49:00','Unpaid','Online'),
('pa00122',9445.48,'01/29/2019 01:54:00','Unpaid','Online'),
('pa00123',6402.17,'01/20/2019 02:16:00','Paid','Online'),
('pa00124',18771.56,'01/17/2019 04:48:00','Paid','Offline'),
('pa00125',33930.81,'01/30/2019 00:40:00','Paid','Offline'),
('pa00126',8004.41,'01/16/2019 02:51:00','Unpaid','Online'),
('pa00127',1876.56,'01/26/2019 01:41:00','Paid','Offline'),
('pa00128',23540.88,'01/28/2019 07:54:00','Paid','Online'),
('pa00129',9323.41,'01/26/2019 10:21:00','Paid','Online'),
('pa00130',33709.97,'01/18/2019 04:03:00','Paid','Offline'),
('pa00131',9774.86,'01/29/2019 05:25:00','Paid','Offline'),
('pa00132',11998.21,'01/28/2019 07:39:00','Paid','Online'),
('pa00133',2683.72,'01/22/2019 07:24:00','Unpaid','Online'),
('pa00134',1455.69,'01/18/2019 09:50:00','Paid','Offline'),
('pa00135',5200.08,'01/30/2019 02:45:00','Paid','Online'),
('pa00136',8028.96,'01/25/2019 02:06:00','Paid','Online'),
('pa00137',16070.18,'01/27/2019 05:43:00','Unpaid','Offline'),
('pa00138',18014.48,'01/19/2019 01:25:00','Paid','Offline'),
('pa00139',2064.18,'01/25/2019 09:53:00','Paid','Online'),
('pa00140',35376.74,'01/21/2019 04:00:00','Unpaid','Online'),
('pa00141',4097.47,'01/29/2019 07:38:00','Paid','Offline'),
('pa00142',9613.08,'01/24/2019 09:43:00','Unpaid','Offline'),
('pa00143',14547.85,'01/28/2019 02:22:00','Paid','Online'),
('pa00144',13786.93,'01/25/2019 04:36:00','Paid','Offline'),
('pa00145',9419.8,'01/18/2019 07:22:00','Paid','Online'),
('pa00146',15378.27,'01/21/2019 10:31:00','Paid','Online'),
('pa00147',2721.47,'01/30/2019 01:16:00','Paid','Online'),
('pa00148',2517.51,'01/19/2019 10:26:00','Unpaid','Online'),
('pa00149',19587.61,'01/18/2019 00:39:00','Paid','Offline'),
('pa00150',9372.9,'01/22/2019 05:04:00','Paid','Online'),
('pa00151',2889.78,'01/23/2019 03:36:00','Paid','Offline'),
('pa00152',13524.72,'01/26/2019 05:25:00','Paid','Offline'),
('pa00153',44229.72,'01/28/2019 08:53:00','Unpaid','Online'),
('pa00154',4563.65,'01/29/2019 04:52:00','Paid','Online'),
('pa00155',1847.29,'01/27/2019 00:11:00','Paid','Offline'),
('pa00156',23802.4,'01/22/2019 04:46:00','Unpaid','Online'),
('pa00157',7836.29,'01/25/2019 05:37:00','Unpaid','Online'),
('pa00158',1414.24,'01/20/2019 04:44:00','Unpaid','Offline'),
('pa00159',23592.34,'01/27/2019 04:35:00','Unpaid','Offline'),
('pa00160',2510.69,'01/23/2019 00:31:00','Paid','Offline'),
('pa00161',9941.54,'01/26/2019 05:25:00','Unpaid','Offline'),
('pa00162',5446.36,'01/21/2019 08:13:00','Unpaid','Offline'),
('pa00163',1545.86,'01/23/2019 04:28:00','Paid','Online'),
('pa00164',2833.11,'01/21/2019 04:33:00','Unpaid','Offline'),
('pa00165',30183.28,'01/28/2019 08:52:00','Paid','Offline'),
('pa00166',23210.76,'01/26/2019 01:26:00','Unpaid','Offline'),
('pa00167',1755.62,'01/17/2019 09:01:00','Paid','Online'),
('pa00168',17266.63,'01/21/2019 06:27:00','Unpaid','Offline'),
('pa00169',28320.65,'01/25/2019 05:03:00','Unpaid','Offline'),
('pa00170',2416.47,'01/22/2019 02:32:00','Paid','Online'),
('pa00171',5753.03,'01/22/2019 00:50:00','Paid','Online'),
('pa00172',13983.54,'01/17/2019 07:37:00','Unpaid','Online'),
('pa00173',3105.27,'01/30/2019 00:14:00','Paid','Online'),
('pa00174',1216.02,'01/16/2019 01:54:00','Unpaid','Online'),
('pa00175',2165.73,'01/26/2019 05:19:00','Unpaid','Offline'),
('pa00176',3979.14,'01/18/2019 07:27:00','Paid','Offline'),
('pa00177',1554.33,'01/25/2019 04:49:00','Unpaid','Online'),
('pa00178',8010.41,'01/29/2019 01:47:00','Unpaid','Offline'),
('pa00179',12751.23,'01/24/2019 07:20:00','Paid','Online'),
('pa00180',26912.72,'01/30/2019 00:29:00','Paid','Offline'),
('pa00181',1251.27,'01/18/2019 10:43:00','Paid','Online'),
('pa00182',28155.67,'01/30/2019 02:39:00','Paid','Offline'),
('pa00183',29030.95,'01/25/2019 05:29:00','Paid','Offline'),
('pa00184',7195.61,'01/18/2019 05:02:00','Paid','Online'),
('pa00185',9447.04,'01/18/2019 07:04:00','Unpaid','Offline'),
('pa00186',6190.62,'01/20/2019 05:01:00','Unpaid','Offline'),
('pa00187',26122.28,'01/26/2019 03:22:00','Unpaid','Offline'),
('pa00188',9318.55,'01/18/2019 04:42:00','Unpaid','Offline'),
('pa00189',8146.83,'01/16/2019 00:49:00','Paid','Online'),
('pa00190',1275.98,'01/17/2019 03:21:00','Paid','Online'),
('pa00191',4040.9,'01/24/2019 01:27:00','Unpaid','Online'),
('pa00192',4169.45,'01/27/2019 05:42:00','Paid','Offline'),
('pa00193',7879.16,'01/19/2019 02:41:00','Paid','Offline'),
('pa00194',3799.18,'01/24/2019 10:55:00','Unpaid','Online'),
('pa00195',3358.09,'01/25/2019 02:35:00','Paid','Offline'),
('pa00196',3962.85,'01/18/2019 00:55:00','Paid','Online'),
('pa00197',8129.65,'01/22/2019 06:37:00','Paid','Online'),
('pa00198',1459.01,'01/21/2019 04:45:00','Paid','Online'),
('pa00199',5824.92,'01/27/2019 04:02:00','Unpaid','Online'),
('pa00200',15910.21,'01/16/2019 03:36:00','Unpaid','Offline'),
('pa00201',6416.85,'01/27/2019 05:52:00','Unpaid','Online'),
('pa00202',8832.2,'01/29/2019 04:43:00','Unpaid','Offline'),
('pa00203',14012.65,'01/30/2019 01:34:00','Unpaid','Offline'),
('pa00204',19809.5,'01/25/2019 10:57:00','Paid','Offline'),
('pa00205',4418.17,'01/22/2019 08:36:00','Unpaid','Online'),
('pa00206',1545.87,'01/26/2019 07:47:00','Paid','Offline'),
('pa00207',44663.58,'01/20/2019 07:50:00','Paid','Online'),
('pa00208',10363.24,'01/23/2019 09:50:00','Unpaid','Offline'),
('pa00209',2788.03,'01/21/2019 09:21:00','Unpaid','Offline'),
('pa00210',1916.35,'01/21/2019 01:02:00','Paid','Offline'),
('pa00211',1827.52,'01/19/2019 06:04:00','Paid','Offline'),
('pa00212',8186.18,'01/19/2019 09:42:00','Unpaid','Offline'),
('pa00213',3071.54,'01/23/2019 06:06:00','Paid','Offline'),
('pa00214',9201.95,'01/17/2019 01:25:00','Paid','Online'),
('pa00215',3136.43,'01/17/2019 10:20:00','Unpaid','Online'),
('pa00216',7533.95,'01/25/2019 00:20:00','Paid','Offline'),
('pa00217',3866,'01/24/2019 01:37:00','Paid','Online'),
('pa00218',9472.11,'01/26/2019 06:37:00','Unpaid','Offline'),
('pa00219',42466.7,'01/22/2019 08:26:00','Paid','Online'),
('pa00220',2956.71,'01/23/2019 06:06:00','Paid','Offline'),
('pa00221',3344.4,'01/22/2019 09:52:00','Unpaid','Offline'),
('pa00222',4460.34,'01/27/2019 04:45:00','Paid','Offline'),
('pa00223',6089.25,'01/29/2019 03:33:00','Paid','Online'),
('pa00224',2844.98,'01/27/2019 00:01:00','Paid','Online'),
('pa00225',6778.66,'01/29/2019 04:53:00','Unpaid','Offline'),
('pa00226',9346.16,'01/28/2019 00:41:00','Unpaid','Offline'),
('pa00227',1280.55,'01/29/2019 06:00:00','Paid','Online'),
('pa00228',7643.56,'01/25/2019 00:05:00','Unpaid','Offline'),
('pa00229',3204.62,'01/26/2019 09:34:00','Paid','Offline'),
('pa00230',9651.06,'01/23/2019 10:14:00','Unpaid','Offline'),
('pa00231',26404.03,'01/20/2019 08:58:00','Unpaid','Online'),
('pa00232',41233.18,'01/20/2019 03:37:00','Unpaid','Offline'),
('pa00233',6661.73,'01/27/2019 00:49:00','Paid','Online'),
('pa00234',5440.63,'01/21/2019 00:48:00','Paid','Offline'),
('pa00235',1845.55,'01/28/2019 10:34:00','Unpaid','Online'),
('pa00236',25707.92,'01/28/2019 00:02:00','Unpaid','Online'),
('pa00237',6243.4,'01/24/2019 03:57:00','Paid','Online'),
('pa00238',4611.17,'01/19/2019 08:20:00','Unpaid','Online'),
('pa00239',9402.5,'01/22/2019 10:13:00','Unpaid','Offline'),
('pa00240',8519.91,'01/25/2019 04:47:00','Unpaid','Online'),
('pa00241',8801.97,'01/20/2019 04:44:00','Unpaid','Online'),
('pa00242',5368.22,'01/21/2019 03:03:00','Paid','Offline'),
('pa00243',23029.93,'01/24/2019 02:10:00','Paid','Offline'),
('pa00244',7575.17,'01/23/2019 09:07:00','Paid','Offline'),
('pa00245',45475.21,'01/16/2019 01:37:00','Unpaid','Offline'),
('pa00246',6833.61,'01/16/2019 01:30:00','Unpaid','Online'),
('pa00247',4580.94,'01/28/2019 01:38:00','Unpaid','Offline'),
('pa00248',43572,'01/26/2019 10:45:00','Unpaid','Offline'),
('pa00249',6961.94,'01/16/2019 02:04:00','Unpaid','Online'),
('pa00250',6303.46,'01/16/2019 07:21:00','Unpaid','Offline'),
('pa00251',6930.8,'01/22/2019 00:38:00','Unpaid','Online'),
('pa00252',10127.67,'01/18/2019 02:33:00','Paid','Offline'),
('pa00253',2953.45,'01/28/2019 06:57:00','Paid','Online'),
('pa00254',2429.04,'01/24/2019 09:06:00','Unpaid','Offline'),
('pa00255',1754.58,'01/29/2019 00:51:00','Paid','Online'),
('pa00256',5065.74,'01/16/2019 01:47:00','Paid','Offline'),
('pa00257',9564.87,'01/22/2019 10:05:00','Unpaid','Online'),
('pa00258',35912.88,'01/27/2019 04:30:00','Unpaid','Online'),
('pa00259',43451.81,'01/22/2019 08:47:00','Unpaid','Offline'),
('pa00260',8383.79,'01/22/2019 08:02:00','Unpaid','Offline'),
('pa00261',4095.08,'01/22/2019 06:12:00','Unpaid','Online'),
('pa00262',7730.1,'01/24/2019 04:31:00','Paid','Online'),
('pa00263',7320.86,'01/20/2019 01:58:00','Paid','Online'),
('pa00264',1178.56,'01/27/2019 01:48:00','Paid','Offline'),
('pa00265',2148.78,'01/30/2019 00:58:00','Unpaid','Online'),
('pa00266',9885.58,'01/21/2019 07:44:00','Unpaid','Offline'),
('pa00267',15082.85,'01/19/2019 10:49:00','Paid','Offline'),
('pa00268',3661.59,'01/18/2019 06:12:00','Paid','Offline'),
('pa00269',5048.84,'01/27/2019 03:51:00','Unpaid','Offline'),
('pa00270',2923.75,'01/23/2019 00:30:00','Paid','Online'),
('pa00271',3771.9,'01/24/2019 06:28:00','Paid','Offline'),
('pa00272',24289.95,'01/25/2019 00:30:00','Paid','Offline'),
('pa00273',45958.92,'01/16/2019 00:53:00','Paid','Online'),
('pa00274',2613.7,'01/29/2019 08:57:00','Paid','Offline'),
('pa00275',28501.42,'01/30/2019 04:19:00','Unpaid','Offline'),
('pa00276',1714.25,'01/28/2019 07:20:00','Unpaid','Online'),
('pa00277',17421.91,'01/23/2019 06:45:00','Paid','Online'),
('pa00278',1929.42,'01/22/2019 00:39:00','Paid','Online'),
('pa00279',38176.4,'01/16/2019 04:57:00','Paid','Offline'),
('pa00280',7829.53,'01/26/2019 02:06:00','Paid','Offline'),
('pa00281',7823.95,'01/17/2019 05:00:00','Paid','Online'),
('pa00282',26611.59,'01/19/2019 05:03:00','Paid','Offline'),
('pa00283',4439.27,'01/16/2019 08:52:00','Unpaid','Offline'),
('pa00284',3655.21,'01/21/2019 10:10:00','Unpaid','Online'),
('pa00285',7266.14,'01/16/2019 09:55:00','Unpaid','Offline'),
('pa00286',14240.39,'01/28/2019 05:56:00','Paid','Offline'),
('pa00287',1283.6,'01/20/2019 03:13:00','Unpaid','Offline'),
('pa00288',43508.79,'01/19/2019 03:33:00','Paid','Offline'),
('pa00289',35993.91,'01/27/2019 00:35:00','Paid','Online'),
('pa00290',9682.52,'01/28/2019 08:49:00','Paid','Offline'),
('pa00291',9125.63,'01/16/2019 07:40:00','Unpaid','Offline'),
('pa00292',6970.32,'01/26/2019 02:36:00','Paid','Online'),
('pa00293',18276.95,'01/16/2019 04:37:00','Unpaid','Online'),
('pa00294',41491.52,'01/27/2019 04:40:00','Unpaid','Offline'),
('pa00295',6890.65,'01/20/2019 09:23:00','Paid','Offline'),
('pa00296',2571.26,'01/22/2019 01:19:00','Paid','Offline'),
('pa00297',5445.32,'01/20/2019 03:49:00','Unpaid','Offline'),
('pa00298',8188.95,'01/23/2019 06:55:00','Paid','Offline'),
('pa00299',2412.04,'01/30/2019 01:33:00','Unpaid','Online'),
('pa00300',3105.6,'01/19/2019 02:17:00','Unpaid','Offline');


INSERT INTO "public"."flight" ("flight_id","flight_name","airport_id_depart","airport_id_arrive","flight_departuretime","flight_arrivaltime") VALUES 
('fl00001','GQ932','CTL','IVC','05:00:00','08:00:00'),
('fl00002','LT324','CTL','IVC','06:00:00','10:00:00'),
('fl00003','DE114','YAZ','KWJ','07:00:00','12:00:00'),
('fl00004','UM176','YAZ','KWJ','08:00:00','14:00:00'),
('fl00005','XN615','YAZ','KWJ','09:00:00','16:00:00'),
('fl00006','CB994','TYN','YBB','10:00:00','18:00:00'),
('fl00007','SS193','TYN','KAT','11:00:00','20:00:00'),
('fl00008','UA492','TYN','KAT','12:00:00','22:00:00'),
('fl00009','LL140','EME','KAT','13:00:00','00:00:00'),
('fl00010','FX113','EME','PMR','14:00:00','02:00:00'),
('fl00011','US599','EME','YAM','15:00:00','04:00:00'),
('fl00012','WH760','WVN','BOM','16:00:00','06:00:00'),
('fl00013','NE753','WVN','YBL','17:00:00','08:00:00'),
('fl00014','CA331','WVN','CHF','18:00:00','10:00:00'),
('fl00015','HO573','AKD','CHF','19:00:00','12:00:00'),
('fl00016','PS213','AKD','CHF','20:00:00','14:00:00'),
('fl00017','ND576','KMJ','FKJ','21:00:00','16:00:00'),
('fl00018','JG437','KMJ','SGZ','22:00:00','18:00:00'),
('fl00019','XR557','OKI','SGZ','23:00:00','20:00:00'),
('fl00020','YI603','NSN','HDY','00:00:00','22:00:00'),
('fl00021','NX817','NSN','UUS','01:00:00','00:00:00'),
('fl00022','BJ749','OHA','TTT','02:00:00','02:00:00'),
('fl00023','GL846','OHA','HSZ','03:00:00','04:00:00'),
('fl00024','VR524','PMR','HSZ','04:00:00','06:00:00'),
('fl00025','ZL402','BTK','HSZ','05:00:00','08:00:00'),
('fl00026','EZ549','BTK','PUS','06:00:00','10:00:00'),
('fl00027','GK704','BTK','PUS','07:00:00','12:00:00'),
('fl00028','TZ213','IKT','PUS','08:00:00','14:00:00'),
('fl00029','OC084','CJU','KWJ','09:00:00','16:00:00'),
('fl00030','PF218','CJU','KWJ','10:00:00','18:00:00'),
('fl00031','SN255','SSN','YAZ','11:00:00','20:00:00'),
('fl00032','WR563','SSN','OAM','12:00:00','22:00:00'),
('fl00033','QJ975','OSN','HHP','13:00:00','00:00:00'),
('fl00034','US233','LUG','HHP','14:00:00','02:00:00'),
('fl00035','MO305','LUG','USN','15:00:00','04:00:00'),
('fl00036','LY576','RMQ','USN','16:00:00','06:00:00'),
('fl00037','EC555','RMQ','USN','17:00:00','08:00:00'),
('fl00038','KZ240','RMQ','FKJ','18:00:00','10:00:00'),
('fl00039','PW802','HSZ','EME','19:00:00','12:00:00'),
('fl00040','TG782','HSZ','HHP','20:00:00','14:00:00'),
('fl00041','OV449','NAW','PUS','21:00:00','16:00:00'),
('fl00042','RC934','PAN','DMK','22:00:00','18:00:00'),
('fl00043','AY759','TST','DMK','23:00:00','20:00:00'),
('fl00044','XG461','BNE','DMK','00:00:00','22:00:00'),
('fl00045','EI921','BNE','KSF','01:00:00','00:00:00'),
('fl00046','GE898','YAM','IXU','02:00:00','02:00:00'),
('fl00047','EI299','YBK','IXU','03:00:00','04:00:00'),
('fl00048','FE032','YBK','IXU','04:00:00','06:00:00'),
('fl00049','EX065','KWL','TST','05:00:00','08:00:00'),
('fl00050','JU358','KWL','MON','06:00:00','10:00:00'),
('fl00051','MI832','KWL','PRH','07:00:00','12:00:00'),
('fl00052','RI847','ZQL','PRH','08:00:00','14:00:00'),
('fl00053','BZ768','ZQL','PRH','09:00:00','16:00:00'),
('fl00054','NR907','ZQL','SWU','10:00:00','18:00:00'),
('fl00055','BE328','KSF','SWU','11:00:00','20:00:00'),
('fl00056','BO598','KSF','SWU','12:00:00','22:00:00'),
('fl00057','AU396','PAB','TYN','13:00:00','00:00:00'),
('fl00058','IH807','PAB','TYN','14:00:00','02:00:00'),
('fl00059','FQ367','NGS','TYN','15:00:00','04:00:00'),
('fl00060','SY398','TOY','TEU','16:00:00','06:00:00'),
('fl00061','IB524','TOY','UTH','17:00:00','08:00:00'),
('fl00062','EU405','TOY','UTH','18:00:00','10:00:00'),
('fl00063','ZB205','NSN','PHS','19:00:00','12:00:00'),
('fl00064','OB487','NSN','PHS','20:00:00','14:00:00'),
('fl00065','XI942','NSN','ASJ','21:00:00','16:00:00'),
('fl00066','JO697','PKC','ASJ','22:00:00','18:00:00'),
('fl00067','HU419','PKC','IXU','23:00:00','20:00:00'),
('fl00068','SU214','PKC','IXU','00:00:00','22:00:00'),
('fl00069','YX453','UUD','IXU','01:00:00','00:00:00'),
('fl00070','CP345','KAG','CYI','02:00:00','02:00:00'),
('fl00071','BP751','KAG','CYI','03:00:00','04:00:00'),
('fl00072','YA721','OSN','NPL','04:00:00','06:00:00'),
('fl00073','SU567','LUG','NPL','05:00:00','08:00:00'),
('fl00074','NF478','TTT','LOE','06:00:00','10:00:00'),
('fl00075','RY336','DMK','LOE','07:00:00','12:00:00'),
('fl00076','JN317','NAW','LOE','08:00:00','14:00:00'),
('fl00077','BG406','NAW','HKG','09:00:00','16:00:00'),
('fl00078','XC782','USM','HKG','10:00:00','18:00:00'),
('fl00079','HQ310','USM','OKE','11:00:00','20:00:00'),
('fl00080','OG511','USM','CHF','12:00:00','22:00:00'),
('fl00081','DL605','HDY','CHF','13:00:00','00:00:00'),
('fl00082','CY523','HDY','CHF','14:00:00','02:00:00'),
('fl00083','AY951','ABM','PVS','15:00:00','04:00:00'),
('fl00084','OO952','ASP','PVS','16:00:00','06:00:00'),
('fl00085','IP574','ASP','PVS','17:00:00','08:00:00'),
('fl00086','XN279','ASP','TST','18:00:00','10:00:00'),
('fl00087','KL089','CNS','TST','19:00:00','12:00:00'),
('fl00088','LA514','CNS','CJU','20:00:00','14:00:00'),
('fl00089','XH389','YBK','CJU','21:00:00','16:00:00'),
('fl00090','JK136','CAN','CJU','22:00:00','18:00:00'),
('fl00091','MP383','CAN','BKK','23:00:00','20:00:00'),
('fl00092','DR220','CAN','BKK','00:00:00','22:00:00'),
('fl00093','WG345','BRV','BKK','01:00:00','00:00:00'),
('fl00094','UZ479','BRV','IVC','02:00:00','02:00:00'),
('fl00095','YG421','PAB','IVC','03:00:00','04:00:00'),
('fl00096','LK579','PAB','CTL','04:00:00','06:00:00'),
('fl00097','BF440','PAB','CTL','05:00:00','08:00:00'),
('fl00098','BR648','OKE','PWE','06:00:00','10:00:00'),
('fl00099','LV144','OKE','SSN','07:00:00','12:00:00'),
('fl00100','IG131','KAT','NAW','08:00:00','14:00:00');

INSERT INTO "public"."schedule" ("schedule_id","schedule_gatenumber","schedule_status","actualdeparttime","estimatedarrivaltime","admin_id","airplane_id","flight_id") VALUES
('sc00001','53B','Active','02/01/2019 05:00:00','02/01/2019 08:00:00' ,'ad00008','ai00006','fl00002'),
('sc00002','20A','Landed','02/01/2019 06:00:00','02/01/2019 10:00:00','ad00012','ai00013','fl00003'),
('sc00003','58B','Active','02/01/2019 07:00:00','02/01/2019 12:00:00','ad00013','ai00017','fl00004'),
('sc00004','29A','Landed','02/01/2019 08:00:00','02/01/2019 14:00:00','ad00016','ai00020','fl00005'),
('sc00005','61A','Delayed','02/01/2019 09:00:00','02/01/2019 16:00:00','ad00021','ai00022','fl00006'),
('sc00006','54B','Delayed','02/01/2019 10:00:00','02/01/2019 18:00:00','ad00030','ai00032','fl00007'),
('sc00007','20B','Active','02/01/2019 11:00:00','02/01/2019 20:00:00','ad00005','ai00034','fl00008'),
('sc00008','15B','Landed','02/01/2019 12:00:00','02/01/2019 22:00:00','ad00010','ai00039','fl00009'),
('sc00009','68A','Active','02/01/2019 13:00:00','02/02/2019 00:00:00','ad00016','ai00046','fl00010'),
('sc00010','45B','Active','02/01/2019 14:00:00','02/02/2019 02:00:00','ad00023','ai00050','fl00011'),
('sc00011','90B','Landed','02/01/2019 15:00:00','02/02/2019 04:00:00','ad00029','ai00001','fl00012'),
('sc00012','53A','Scheduled','02/01/2019 16:00:00','02/02/2019 06:00:00','ad00004','ai00004','fl00013'),
('sc00013','56B','Active','02/01/2019 17:00:00','02/02/2019 08:00:00','ad00005','ai00007','fl00014'),
('sc00014','45B','Delayed','02/01/2019 18:00:00','02/02/2019 10:00:00','ad00011','ai00012','fl00015'),
('sc00015','98A','Delayed','02/01/2019 19:00:00','02/02/2019 12:00:00','ad00019','ai00022','fl00016'),
('sc00016','61B','Scheduled','02/01/2019 20:00:00','02/02/2019 14:00:00','ad00021','ai00025','fl00017'),
('sc00017','93A','Landed','02/01/2019 21:00:00','02/02/2019 16:00:00','ad00001','ai00034','fl00018'),
('sc00018','31A','Landed','02/01/2019 22:00:00','02/02/2019 18:00:00','ad00008','ai00042','fl00019'),
('sc00019','33B','Active','02/01/2019 23:00:00','02/02/2019 20:00:00','ad00018','ai00002','fl00020'),
('sc00020','19B','Active','02/02/2019 00:00:00','02/02/2019 22:00:00','ad00021','ai00009','fl00021'),
('sc00021','82B','Scheduled','02/02/2019 01:00:00','02/03/2019 00:00:00','ad00029','ai00015','fl00022'),
('sc00022','93A','Canceled','02/02/2019 02:00:00','02/03/2019 02:00:00','ad00008','ai00017','fl00023'),
('sc00023','30A','Scheduled','02/02/2019 03:00:00','02/03/2019 04:00:00','ad00015','ai00024','fl00024'),
('sc00024','32A','Scheduled','02/02/2019 04:00:00','02/03/2019 06:00:00','ad00024','ai00033','fl00025'),
('sc00025','06A','Active','02/02/2019 05:00:00','02/03/2019 08:00:00','ad00002','ai00035','fl00026'),
('sc00026','09B','Scheduled','02/02/2019 06:00:00','02/03/2019 10:00:00','ad00003','ai00044','fl00027'),
('sc00027','14B','Active','02/02/2019 07:00:00','02/03/2019 12:00:00','ad00008','ai00003','fl00028'),
('sc00028','85B','Active','02/02/2019 08:00:00','02/03/2019 14:00:00','ad00018','ai00008','fl00029'),
('sc00029','65B','Landed','02/02/2019 09:00:00','02/03/2019 16:00:00','ad00022','ai00017','fl00030'),
('sc00030','91B','Delayed','02/02/2019 10:00:00','02/03/2019 18:00:00','ad00025','ai00024','fl00031'),
('sc00031','56A','Landed','02/02/2019 11:00:00','02/03/2019 20:00:00','ad00003','ai00025','fl00032'),
('sc00032','18B','Active','02/02/2019 12:00:00','02/03/2019 22:00:00','ad00005','ai00027','fl00033'),
('sc00033','26A','Canceled','02/02/2019 13:00:00','02/04/2019 00:00:00','ad00013','ai00035','fl00034'),
('sc00034','44A','Landed','02/02/2019 14:00:00','02/04/2019 02:00:00','ad00014','ai00044','fl00035'),
('sc00035','08A','Canceled','02/02/2019 15:00:00','02/04/2019 04:00:00','ad00020','ai00046','fl00036'),
('sc00036','48B','Canceled','02/02/2019 16:00:00','02/04/2019 06:00:00','ad00026','ai00049','fl00037'),
('sc00037','35B','Delayed','02/02/2019 17:00:00','02/04/2019 08:00:00','ad00005','ai00008','fl00038'),
('sc00038','97A','Active','02/02/2019 18:00:00','02/04/2019 10:00:00','ad00010','ai00014','fl00039'),
('sc00039','45A','Landed','02/02/2019 19:00:00','02/04/2019 12:00:00','ad00014','ai00018','fl00040'),
('sc00040','99B','Delayed','02/02/2019 20:00:00','02/04/2019 14:00:00','ad00015','ai00020','fl00041'),
('sc00041','95A','Scheduled','02/02/2019 21:00:00','02/04/2019 16:00:00','ad00019','ai00025','fl00042'),
('sc00042','04B','Delayed','02/02/2019 22:00:00','02/04/2019 18:00:00','ad00027','ai00034','fl00043'),
('sc00043','91B','Delayed','02/02/2019 23:00:00','02/04/2019 20:00:00','ad00030','ai00044','fl00044'),
('sc00044','59B','Active','02/03/2019 00:00:00','02/04/2019 22:00:00','ad00002','ai00047','fl00045'),
('sc00045','97B','Canceled','02/03/2019 01:00:00','02/05/2019 00:00:00','ad00005','ai00003','fl00046'),
('sc00046','34A','Active','02/03/2019 02:00:00','02/05/2019 02:00:00','ad00010','ai00013','fl00047'),
('sc00047','44B','Landed','02/03/2019 03:00:00','02/05/2019 04:00:00','ad00017','ai00020','fl00048'),
('sc00048','59B','Landed','02/03/2019 04:00:00','02/05/2019 06:00:00','ad00021','ai00030','fl00049'),
('sc00049','65A','Scheduled','02/03/2019 05:00:00','02/05/2019 08:00:00','ad00028','ai00031','fl00050'),
('sc00050','31A','Canceled','02/03/2019 06:00:00','02/05/2019 10:00:00','ad00001','ai00033','fl00051'),
('sc00051','11B','Landed','02/03/2019 07:00:00','02/05/2019 12:00:00','ad00008','ai00041','fl00052'),
('sc00052','03A','Delayed','02/03/2019 08:00:00','02/05/2019 14:00:00','ad00015','ai00042','fl00053'),
('sc00053','38A','Active','02/03/2019 09:00:00','02/05/2019 16:00:00','ad00020','ai00049','fl00054'),
('sc00054','20B','Active','02/03/2019 10:00:00','02/05/2019 18:00:00','ad00028','ai00006','fl00055'),
('sc00055','69A','Scheduled','02/03/2019 11:00:00','02/05/2019 20:00:00','ad00004','ai00015','fl00056'),
('sc00056','66A','Canceled','02/03/2019 12:00:00','02/05/2019 22:00:00','ad00014','ai00024','fl00057'),
('sc00057','29B','Canceled','02/03/2019 13:00:00','02/06/2019 00:00:00','ad00021','ai00029','fl00058'),
('sc00058','04A','Landed','02/03/2019 14:00:00','02/06/2019 02:00:00','ad00030','ai00035','fl00059'),
('sc00059','47A','Landed','02/03/2019 15:00:00','02/06/2019 04:00:00','ad00005','ai00036','fl00060'),
('sc00060','68B','Delayed','02/03/2019 16:00:00','02/06/2019 06:00:00','ad00012','ai00041','fl00061'),
('sc00061','33B','Canceled','02/03/2019 17:00:00','02/06/2019 08:00:00','ad00019','ai00047','fl00062'),
('sc00062','49A','Active','02/03/2019 18:00:00','02/06/2019 10:00:00','ad00026','ai00005','fl00063'),
('sc00063','70B','Active','02/03/2019 19:00:00','02/06/2019 12:00:00','ad00030','ai00011','fl00064'),
('sc00064','25B','Delayed','02/03/2019 20:00:00','02/06/2019 14:00:00','ad00002','ai00012','fl00065'),
('sc00065','68B','Delayed','02/03/2019 21:00:00','02/06/2019 16:00:00','ad00010','ai00014','fl00066'),
('sc00066','67B','Landed','02/03/2019 22:00:00','02/06/2019 18:00:00','ad00015','ai00017','fl00067'),
('sc00067','41B','Delayed','02/03/2019 23:00:00','02/06/2019 20:00:00','ad00024','ai00023','fl00068'),
('sc00068','32B','Delayed','02/04/2019 00:00:00','02/06/2019 22:00:00','ad00027','ai00030','fl00069'),
('sc00069','54B','Landed','02/04/2019 01:00:00','02/07/2019 00:00:00','ad00028','ai00034','fl00070'),
('sc00070','60A','Active','02/04/2019 02:00:00','02/07/2019 02:00:00','ad00003','ai00041','fl00071'),
('sc00071','90B','Delayed','02/04/2019 03:00:00','02/07/2019 04:00:00','ad00012','ai00050','fl00072'),
('sc00072','06B','Landed','02/04/2019 04:00:00','02/07/2019 06:00:00','ad00022','ai00006','fl00073'),
('sc00073','49A','Canceled','02/04/2019 05:00:00','02/07/2019 08:00:00','ad00029','ai00009','fl00074'),
('sc00074','33B','Delayed','02/04/2019 06:00:00','02/07/2019 10:00:00','ad00002','ai00013','fl00075'),
('sc00075','43A','Scheduled','02/04/2019 07:00:00','02/07/2019 12:00:00','ad00007','ai00019','fl00076'),
('sc00076','69A','Canceled','02/04/2019 08:00:00','02/07/2019 14:00:00','ad00015','ai00028','fl00077'),
('sc00077','16B','Active','02/04/2019 09:00:00','02/07/2019 16:00:00','ad00023','ai00038','fl00078'),
('sc00078','25A','Landed','02/04/2019 10:00:00','02/07/2019 18:00:00','ad00029','ai00046','fl00079'),
('sc00079','82B','Landed','02/04/2019 11:00:00','02/07/2019 20:00:00','ad00002','ai00047','fl00080'),
('sc00080','77B','Scheduled','02/04/2019 12:00:00','02/07/2019 22:00:00','ad00006','ai00001','fl00081'),
('sc00081','18B','Canceled','02/04/2019 13:00:00','02/08/2019 00:00:00','ad00014','ai00010','fl00082'),
('sc00082','31B','Canceled','02/04/2019 14:00:00','02/08/2019 02:00:00','ad00023','ai00016','fl00083'),
('sc00083','38B','Canceled','02/04/2019 15:00:00','02/08/2019 04:00:00','ad00026','ai00019','fl00084'),
('sc00084','31B','Canceled','02/04/2019 16:00:00','02/08/2019 06:00:00','ad00028','ai00024','fl00085'),
('sc00085','25B','Active','02/04/2019 17:00:00','02/08/2019 08:00:00','ad00005','ai00028','fl00086'),
('sc00086','44A','Canceled','02/04/2019 18:00:00','02/08/2019 10:00:00','ad00011','ai00033','fl00087'),
('sc00087','37A','Scheduled','02/04/2019 19:00:00','02/08/2019 12:00:00','ad00018','ai00041','fl00088'),
('sc00088','29A','Delayed','02/04/2019 20:00:00','02/08/2019 14:00:00','ad00022','ai00047','fl00089'),
('sc00089','90A','Scheduled','02/04/2019 21:00:00','02/08/2019 16:00:00','ad00023','ai00005','fl00090'),
('sc00090','99B','Active','02/04/2019 22:00:00','02/08/2019 18:00:00','ad00001','ai00007','fl00091'),
('sc00091','23A','Canceled','02/04/2019 23:00:00','02/08/2019 20:00:00','ad00003','ai00012','fl00092'),
('sc00092','51A','Active','02/05/2019 00:00:00','02/08/2019 22:00:00','ad00007','ai00014','fl00093'),
('sc00093','31A','Delayed','02/05/2019 01:00:00','02/09/2019 00:00:00','ad00016','ai00021','fl00094'),
('sc00094','76B','Scheduled','02/05/2019 02:00:00','02/09/2019 02:00:00','ad00017','ai00027','fl00095'),
('sc00095','69B','Canceled','02/05/2019 03:00:00','02/09/2019 04:00:00','ad00019','ai00030','fl00096'),
('sc00096','08B','Delayed','02/05/2019 04:00:00','02/09/2019 06:00:00','ad00020','ai00031','fl00097'),
('sc00097','14A','Landed','02/05/2019 05:00:00','02/09/2019 08:00:00','ad00030','ai00038','fl00098'),
('sc00098','19A','Canceled','02/05/2019 06:00:00','02/09/2019 10:00:00','ad00007','ai00041','fl00099'),
('sc00099','03A','Active','02/05/2019 07:00:00','02/09/2019 12:00:00','ad00008','ai00046','fl00100'),
('sc00100','32B','Delayed','02/05/2019 08:00:00','02/09/2019 14:00:00','ad00012','ai00006','fl00001');




INSERT INTO "public"."ticket" ("ticket_id","ticket_validity","schedule_id","payment_id","seat_id","pass_id","book_datetime") VALUES 
('ti00001',26,'sc00007','pa00001','ce00005','pb00009','01/12/2019 04:10:00'),
('ti00002',11,'sc00015','pa00002','ce00007','pb00012','01/11/2019 08:22:00'),
('ti00003',18,'sc00022','pa00003','ce00016','pb00021','01/06/2019 06:12:00'),
('ti00004',7,'sc00026','pa00004','ce00020','pb00030','01/11/2019 06:22:00'),
('ti00005',12,'sc00029','pa00005','ce00027','pb00031','01/14/2019 02:22:00'),
('ti00006',27,'sc00035','pa00006','ce00031','pb00041','01/07/2019 06:04:00'),
('ti00007',3,'sc00040','pa00007','ce00033','pb00043','01/10/2019 10:04:00'),
('ti00008',29,'sc00049','pa00008','ce00038','pb00049','01/02/2019 01:52:00'),
('ti00009',19,'sc00053','pa00009','ce00047','pb00051','01/13/2019 01:50:00'),
('ti00010',18,'sc00063','pa00010','ce00056','pb00054','01/05/2019 09:47:00'),
('ti00011',23,'sc00064','pa00011','ce00059','pb00060','01/04/2019 08:00:00'),
('ti00012',25,'sc00065','pa00012','ce00060','pb00061','01/12/2019 05:28:00'),
('ti00013',24,'sc00075','pa00013','ce00070','pb00066','01/04/2019 04:22:00'),
('ti00014',1,'sc00081','pa00014','ce00073','pb00075','01/02/2019 03:10:00'),
('ti00015',23,'sc00082','pa00015','ce00075','pb00083','01/05/2019 05:02:00'),
('ti00016',24,'sc00088','pa00016','ce00082','pb00089','01/08/2019 07:48:00'),
('ti00017',16,'sc00098','pa00017','ce00084','pb00098','01/14/2019 00:52:00'),
('ti00018',24,'sc00004','pa00018','ce00090','pb00102','01/11/2019 10:49:00'),
('ti00019',9,'sc00008','pa00019','ce00094','pb00105','01/02/2019 02:27:00'),
('ti00020',4,'sc00013','pa00020','ce00095','pb00106','01/05/2019 03:05:00'),
('ti00021',15,'sc00022','pa00021','ce00100','pb00109','01/14/2019 02:26:00'),
('ti00022',7,'sc00030','pa00022','ce00108','pb00110','01/12/2019 01:09:00'),
('ti00023',15,'sc00033','pa00023','ce00109','pb00114','01/07/2019 10:18:00'),
('ti00024',24,'sc00043','pa00024','ce00115','pb00118','01/12/2019 03:57:00'),
('ti00025',18,'sc00044','pa00025','ce00125','pb00124','01/06/2019 10:57:00'),
('ti00026',22,'sc00052','pa00026','ce00130','pb00129','01/03/2019 03:31:00'),
('ti00027',19,'sc00055','pa00027','ce00138','pb00133','01/06/2019 10:33:00'),
('ti00028',7,'sc00063','pa00028','ce00139','pb00143','01/01/2019 03:22:00'),
('ti00029',8,'sc00072','pa00029','ce00147','pb00001','01/05/2019 08:45:00'),
('ti00030',26,'sc00082','pa00030','ce00155','pb00010','01/08/2019 10:18:00'),
('ti00031',22,'sc00092','pa00031','ce00156','pb00013','01/12/2019 09:19:00'),
('ti00032',18,'sc00096','pa00032','ce00162','pb00017','01/02/2019 02:37:00'),
('ti00033',24,'sc00098','pa00033','ce00163','pb00021','01/07/2019 05:38:00'),
('ti00034',26,'sc00008','pa00034','ce00170','pb00029','01/04/2019 03:35:00'),
('ti00035',8,'sc00014','pa00035','ce00171','pb00038','01/01/2019 09:48:00'),
('ti00036',15,'sc00016','pa00036','ce00174','pb00048','01/09/2019 00:07:00'),
('ti00037',14,'sc00018','pa00037','ce00180','pb00057','01/09/2019 09:12:00'),
('ti00038',22,'sc00028','pa00038','ce00182','pb00059','01/06/2019 03:24:00'),
('ti00039',17,'sc00031','pa00039','ce00191','pb00067','01/04/2019 04:54:00'),
('ti00040',25,'sc00035','pa00040','ce00201','pb00076','01/01/2019 04:15:00'),
('ti00041',17,'sc00038','pa00041','ce00210','pb00086','01/08/2019 10:37:00'),
('ti00042',20,'sc00043','pa00042','ce00211','pb00090','01/08/2019 00:57:00'),
('ti00043',28,'sc00049','pa00043','ce00218','pb00100','01/07/2019 07:36:00'),
('ti00044',22,'sc00057','pa00044','ce00220','pb00102','01/11/2019 06:20:00'),
('ti00045',27,'sc00065','pa00045','ce00227','pb00103','01/06/2019 08:52:00'),
('ti00046',10,'sc00075','pa00046','ce00229','pb00111','01/04/2019 04:04:00'),
('ti00047',16,'sc00085','pa00047','ce00232','pb00115','01/14/2019 03:35:00'),
('ti00048',24,'sc00091','pa00048','ce00242','pb00117','01/02/2019 10:44:00'),
('ti00049',23,'sc00093','pa00049','ce00244','pb00127','01/08/2019 02:13:00'),
('ti00050',20,'sc00003','pa00050','ce00249','pb00135','01/06/2019 06:39:00'),
('ti00051',1,'sc00010','pa00051','ce00252','pb00140','01/12/2019 00:51:00'),
('ti00052',6,'sc00020','pa00052','ce00254','pb00146','01/04/2019 03:29:00'),
('ti00053',11,'sc00030','pa00053','ce00260','pb00002','01/10/2019 01:36:00'),
('ti00054',14,'sc00035','pa00054','ce00267','pb00010','01/05/2019 09:23:00'),
('ti00055',29,'sc00037','pa00055','ce00277','pb00019','01/08/2019 02:04:00'),
('ti00056',29,'sc00046','pa00056','ce00286','pb00024','01/03/2019 04:06:00'),
('ti00057',4,'sc00052','pa00057','ce00291','pb00032','01/02/2019 10:12:00'),
('ti00058',19,'sc00058','pa00058','ce00293','pb00033','01/13/2019 10:32:00'),
('ti00059',25,'sc00059','pa00059','ce00301','pb00041','01/02/2019 07:55:00'),
('ti00060',16,'sc00064','pa00060','ce00311','pb00048','01/03/2019 01:15:00'),
('ti00061',18,'sc00073','pa00061','ce00314','pb00049','01/06/2019 04:04:00'),
('ti00062',2,'sc00078','pa00062','ce00316','pb00055','01/01/2019 00:33:00'),
('ti00063',23,'sc00085','pa00063','ce00325','pb00059','01/11/2019 10:03:00'),
('ti00064',2,'sc00094','pa00064','ce00327','pb00069','01/06/2019 01:47:00'),
('ti00065',14,'sc00095','pa00065','ce00333','pb00071','01/01/2019 07:46:00'),
('ti00066',1,'sc00099','pa00066','ce00339','pb00078','01/01/2019 08:16:00'),
('ti00067',30,'sc00007','pa00067','ce00348','pb00082','01/11/2019 02:50:00'),
('ti00068',11,'sc00017','pa00068','ce00351','pb00083','01/10/2019 10:54:00'),
('ti00069',3,'sc00022','pa00069','ce00356','pb00092','01/12/2019 06:47:00'),
('ti00070',13,'sc00024','pa00070','ce00358','pb00095','01/08/2019 05:25:00'),
('ti00071',30,'sc00029','pa00071','ce00363','pb00101','01/12/2019 02:29:00'),
('ti00072',13,'sc00034','pa00072','ce00368','pb00110','01/13/2019 06:39:00'),
('ti00073',5,'sc00036','pa00073','ce00372','pb00120','01/13/2019 09:16:00'),
('ti00074',29,'sc00045','pa00074','ce00377','pb00127','01/08/2019 04:10:00'),
('ti00075',1,'sc00046','pa00075','ce00384','pb00136','01/11/2019 04:58:00'),
('ti00076',20,'sc00056','pa00076','ce00389','pb00145','01/09/2019 09:11:00'),
('ti00077',5,'sc00059','pa00077','ce00393','pb00149','01/03/2019 06:07:00'),
('ti00078',16,'sc00067','pa00078','ce00395','pb00007','01/09/2019 01:22:00'),
('ti00079',24,'sc00072','pa00079','ce00398','pb00012','01/12/2019 05:58:00'),
('ti00080',15,'sc00077','pa00080','ce00403','pb00020','01/12/2019 07:13:00'),
('ti00081',19,'sc00079','pa00081','ce00411','pb00022','01/04/2019 04:30:00'),
('ti00082',8,'sc00083','pa00082','ce00412','pb00023','01/12/2019 00:19:00'),
('ti00083',26,'sc00085','pa00083','ce00422','pb00027','01/05/2019 00:47:00'),
('ti00084',9,'sc00094','pa00084','ce00429','pb00030','01/10/2019 09:44:00'),
('ti00085',18,'sc00099','pa00085','ce00434','pb00033','01/13/2019 10:42:00'),
('ti00086',2,'sc00001','pa00086','ce00438','pb00036','01/10/2019 02:58:00'),
('ti00087',30,'sc00010','pa00087','ce00444','pb00042','01/03/2019 01:36:00'),
('ti00088',28,'sc00020','pa00088','ce00449','pb00044','01/07/2019 10:49:00'),
('ti00089',24,'sc00024','pa00089','ce00459','pb00051','01/10/2019 06:17:00'),
('ti00090',26,'sc00028','pa00090','ce00465','pb00055','01/01/2019 08:37:00'),
('ti00091',11,'sc00034','pa00091','ce00475','pb00058','01/02/2019 10:08:00'),
('ti00092',28,'sc00043','pa00092','ce00483','pb00066','01/08/2019 09:15:00'),
('ti00093',6,'sc00045','pa00093','ce00485','pb00075','01/13/2019 02:05:00'),
('ti00094',11,'sc00054','pa00094','ce00491','pb00080','01/02/2019 10:58:00'),
('ti00095',6,'sc00056','pa00095','ce00501','pb00081','01/10/2019 06:00:00'),
('ti00096',23,'sc00058','pa00096','ce00507','pb00088','01/01/2019 10:09:00'),
('ti00097',22,'sc00067','pa00097','ce00508','pb00092','01/13/2019 10:20:00'),
('ti00098',24,'sc00075','pa00098','ce00509','pb00100','01/02/2019 04:52:00'),
('ti00099',3,'sc00085','pa00099','ce00511','pb00109','01/01/2019 06:40:00'),
('ti00100',1,'sc00086','pa00100','ce00515','pb00112','01/06/2019 01:55:00'),
('ti00101',15,'sc00095','pa00101','ce00520','pb00118','01/02/2019 04:50:00'),
('ti00102',30,'sc00002','pa00102','ce00530','pb00122','01/07/2019 03:07:00'),
('ti00103',21,'sc00006','pa00103','ce00540','pb00127','01/08/2019 03:45:00'),
('ti00104',28,'sc00011','pa00104','ce00541','pb00136','01/05/2019 01:16:00'),
('ti00105',11,'sc00018','pa00105','ce00547','pb00143','01/03/2019 00:19:00'),
('ti00106',30,'sc00025','pa00106','ce00556','pb00002','01/02/2019 09:04:00'),
('ti00107',1,'sc00027','pa00107','ce00565','pb00008','01/10/2019 00:47:00'),
('ti00108',13,'sc00034','pa00108','ce00574','pb00010','01/06/2019 08:42:00'),
('ti00109',6,'sc00041','pa00109','ce00578','pb00011','01/08/2019 07:50:00'),
('ti00110',11,'sc00051','pa00110','ce00586','pb00014','01/12/2019 01:11:00'),
('ti00111',10,'sc00059','pa00111','ce00596','pb00022','01/09/2019 00:11:00'),
('ti00112',10,'sc00067','pa00112','ce00600','pb00031','01/13/2019 06:24:00'),
('ti00113',29,'sc00069','pa00113','ce00610','pb00041','01/03/2019 06:34:00'),
('ti00114',28,'sc00078','pa00114','ce00615','pb00050','01/12/2019 05:33:00'),
('ti00115',9,'sc00079','pa00115','ce00621','pb00052','01/04/2019 02:38:00'),
('ti00116',3,'sc00086','pa00116','ce00622','pb00055','01/05/2019 06:56:00'),
('ti00117',7,'sc00090','pa00117','ce00624','pb00060','01/02/2019 04:55:00'),
('ti00118',25,'sc00094','pa00118','ce00633','pb00061','01/12/2019 07:00:00'),
('ti00119',25,'sc00100','pa00119','ce00643','pb00063','01/03/2019 03:19:00'),
('ti00120',22,'sc00006','pa00120','ce00645','pb00070','01/13/2019 08:12:00'),
('ti00121',8,'sc00013','pa00121','ce00655','pb00077','01/13/2019 08:39:00'),
('ti00122',5,'sc00014','pa00122','ce00657','pb00084','01/04/2019 10:26:00'),
('ti00123',4,'sc00022','pa00123','ce00666','pb00085','01/04/2019 06:38:00'),
('ti00124',11,'sc00023','pa00124','ce00670','pb00095','01/07/2019 06:44:00'),
('ti00125',9,'sc00031','pa00125','ce00680','pb00104','01/03/2019 02:50:00'),
('ti00126',1,'sc00033','pa00126','ce00683','pb00106','01/12/2019 04:33:00'),
('ti00127',19,'sc00035','pa00127','ce00686','pb00113','01/11/2019 04:18:00'),
('ti00128',18,'sc00037','pa00128','ce00691','pb00116','01/08/2019 08:25:00'),
('ti00129',29,'sc00045','pa00129','ce00698','pb00125','01/07/2019 07:41:00'),
('ti00130',15,'sc00048','pa00130','ce00704','pb00127','01/03/2019 00:56:00'),
('ti00131',21,'sc00052','pa00131','ce00707','pb00133','01/13/2019 04:11:00'),
('ti00132',3,'sc00053','pa00132','ce00715','pb00141','01/12/2019 05:43:00'),
('ti00133',29,'sc00063','pa00133','ce00722','pb00001','01/12/2019 04:33:00'),
('ti00134',20,'sc00072','pa00134','ce00727','pb00009','01/05/2019 09:12:00'),
('ti00135',12,'sc00080','pa00135','ce00736','pb00018','01/06/2019 09:58:00'),
('ti00136',21,'sc00082','pa00136','ce00743','pb00022','01/05/2019 06:26:00'),
('ti00137',30,'sc00089','pa00137','ce00751','pb00023','01/02/2019 02:33:00'),
('ti00138',3,'sc00092','pa00138','ce00752','pb00027','01/07/2019 06:51:00'),
('ti00139',4,'sc00001','pa00139','ce00759','pb00029','01/13/2019 04:46:00'),
('ti00140',18,'sc00004','pa00140','ce00769','pb00037','01/11/2019 03:30:00'),
('ti00141',10,'sc00009','pa00141','ce00777','pb00046','01/09/2019 09:46:00'),
('ti00142',8,'sc00012','pa00142','ce00782','pb00051','01/13/2019 03:51:00'),
('ti00143',2,'sc00013','pa00143','ce00792','pb00059','01/02/2019 04:58:00'),
('ti00144',7,'sc00022','pa00144','ce00795','pb00060','01/08/2019 02:07:00'),
('ti00145',1,'sc00024','pa00145','ce00800','pb00064','01/06/2019 00:54:00'),
('ti00146',15,'sc00034','pa00146','ce00810','pb00070','01/10/2019 06:06:00'),
('ti00147',16,'sc00036','pa00147','ce00816','pb00077','01/05/2019 10:20:00'),
('ti00148',18,'sc00046','pa00148','ce00823','pb00082','01/06/2019 01:36:00'),
('ti00149',12,'sc00048','pa00149','ce00833','pb00092','01/13/2019 02:56:00'),
('ti00150',26,'sc00057','pa00150','ce00838','pb00101','01/13/2019 04:18:00'),
('ti00151',24,'sc00008','pa00151','cb00010','ps00010','01/06/2019 06:52:00'),
('ti00152',17,'sc00014','pa00152','cb00011','ps00020','01/12/2019 02:08:00'),
('ti00153',6,'sc00024','pa00153','cb00019','ps00022','01/13/2019 01:45:00'),
('ti00154',10,'sc00028','pa00154','cb00020','ps00030','01/02/2019 02:18:00'),
('ti00155',14,'sc00031','pa00155','cb00029','ps00036','01/10/2019 06:18:00'),
('ti00156',29,'sc00036','pa00156','cb00038','ps00042','01/14/2019 02:04:00'),
('ti00157',9,'sc00044','pa00157','cb00044','ps00043','01/01/2019 10:03:00'),
('ti00158',5,'sc00053','pa00158','cb00053','ps00051','01/11/2019 03:10:00'),
('ti00159',12,'sc00063','pa00159','cb00060','ps00060','01/08/2019 10:06:00'),
('ti00160',26,'sc00069','pa00160','cb00069','ps00061','01/10/2019 01:41:00'),
('ti00161',12,'sc00072','pa00161','cb00070','ps00071','01/08/2019 02:01:00'),
('ti00162',5,'sc00076','pa00162','cb00071','ps00079','01/09/2019 07:43:00'),
('ti00163',27,'sc00084','pa00163','cb00072','ps00085','01/07/2019 04:00:00'),
('ti00164',14,'sc00094','pa00164','cb00080','ps00088','01/13/2019 07:35:00'),
('ti00165',23,'sc00001','pa00165','cb00083','ps00098','01/07/2019 04:37:00'),
('ti00166',28,'sc00009','pa00166','cb00087','ps00100','01/12/2019 03:38:00'),
('ti00167',15,'sc00018','pa00167','cb00090','ps00009','01/11/2019 08:12:00'),
('ti00168',13,'sc00019','pa00168','cb00091','ps00016','01/13/2019 06:56:00'),
('ti00169',5,'sc00020','pa00169','cb00098','ps00020','01/03/2019 09:09:00'),
('ti00170',22,'sc00023','pa00170','cb00101','ps00021','01/02/2019 09:58:00'),
('ti00171',3,'sc00028','pa00171','cb00110','ps00031','01/12/2019 05:32:00'),
('ti00172',16,'sc00035','pa00172','cb00113','ps00035','01/10/2019 03:40:00'),
('ti00173',30,'sc00036','pa00173','cb00120','ps00037','01/12/2019 00:39:00'),
('ti00174',26,'sc00043','pa00174','cb00126','ps00046','01/10/2019 02:47:00'),
('ti00175',25,'sc00045','pa00175','cb00135','ps00055','01/01/2019 02:25:00'),
('ti00176',3,'sc00051','pa00176','cb00144','ps00060','01/05/2019 01:25:00'),
('ti00177',20,'sc00059','pa00177','cb00154','ps00064','01/06/2019 07:39:00'),
('ti00178',15,'sc00067','pa00178','cb00160','ps00065','01/10/2019 08:22:00'),
('ti00179',5,'sc00070','pa00179','cb00167','ps00073','01/05/2019 10:16:00'),
('ti00180',6,'sc00079','pa00180','cb00175','ps00078','01/07/2019 01:56:00'),
('ti00181',5,'sc00087','pa00181','cb00177','ps00088','01/13/2019 01:16:00'),
('ti00182',4,'sc00097','pa00182','cb00179','ps00090','01/12/2019 01:42:00'),
('ti00183',2,'sc00006','pa00183','cb00182','ps00092','01/01/2019 10:44:00'),
('ti00184',8,'sc00016','pa00184','cb00185','ps00098','01/07/2019 00:16:00'),
('ti00185',4,'sc00020','pa00185','cb00195','ps00004','01/13/2019 10:47:00'),
('ti00186',16,'sc00030','pa00186','cb00202','ps00005','01/05/2019 05:48:00'),
('ti00187',29,'sc00035','pa00187','cb00204','ps00012','01/01/2019 06:02:00'),
('ti00188',2,'sc00045','pa00188','cb00214','ps00014','01/10/2019 03:27:00'),
('ti00189',28,'sc00053','pa00189','cb00215','ps00024','01/06/2019 04:38:00'),
('ti00190',5,'sc00057','pa00190','cb00216','ps00028','01/10/2019 06:37:00'),
('ti00191',21,'sc00058','pa00191','cb00222','ps00029','01/05/2019 06:39:00'),
('ti00192',22,'sc00059','pa00192','cb00227','ps00036','01/13/2019 08:02:00'),
('ti00193',19,'sc00063','pa00193','cb00229','ps00044','01/11/2019 03:46:00'),
('ti00194',4,'sc00068','pa00194','cb00232','ps00049','01/11/2019 07:02:00'),
('ti00195',2,'sc00070','pa00195','cb00237','ps00058','01/11/2019 01:01:00'),
('ti00196',9,'sc00077','pa00196','cb00244','ps00062','01/01/2019 01:31:00'),
('ti00197',24,'sc00086','pa00197','cb00252','ps00070','01/10/2019 10:11:00'),
('ti00198',20,'sc00091','pa00198','cb00262','ps00071','01/06/2019 00:58:00'),
('ti00199',7,'sc00095','pa00199','cb00264','ps00080','01/13/2019 08:22:00'),
('ti00200',13,'sc00097','pa00200','cb00268','ps00082','01/10/2019 06:11:00'),
('ti00201',15,'sc00003','pa00201','cb00272','ps00087','01/14/2019 02:11:00'),
('ti00202',23,'sc00012','pa00202','cb00276','ps00090','01/03/2019 03:54:00'),
('ti00203',20,'sc00021','pa00203','cb00283','ps00100','01/11/2019 03:55:00'),
('ti00204',2,'sc00030','pa00204','cb00292','ps00004','01/02/2019 01:29:00'),
('ti00205',3,'sc00033','pa00205','cb00294','ps00012','01/03/2019 02:29:00'),
('ti00206',24,'sc00035','pa00206','cb00298','ps00020','01/12/2019 07:46:00'),
('ti00207',20,'sc00039','pa00207','cb00301','ps00029','01/10/2019 02:35:00'),
('ti00208',7,'sc00045','pa00208','cb00311','ps00032','01/05/2019 02:29:00'),
('ti00209',16,'sc00054','pa00209','cb00315','ps00040','01/13/2019 01:16:00'),
('ti00210',28,'sc00064','pa00210','cb00317','ps00045','01/07/2019 03:23:00'),
('ti00211',5,'sc00067','pa00211','cb00320','ps00046','01/01/2019 03:54:00'),
('ti00212',28,'sc00068','pa00212','cb00330','ps00053','01/06/2019 10:16:00'),
('ti00213',2,'sc00077','pa00213','cb00339','ps00061','01/07/2019 03:38:00'),
('ti00214',16,'sc00086','pa00214','cb00349','ps00070','01/07/2019 02:12:00'),
('ti00215',10,'sc00088','pa00215','cb00354','ps00071','01/02/2019 10:57:00'),
('ti00216',28,'sc00090','pa00216','cb00361','ps00076','01/01/2019 05:12:00'),
('ti00217',4,'sc00091','pa00217','cb00370','ps00078','01/03/2019 02:29:00'),
('ti00218',8,'sc00099','pa00218','cb00376','ps00086','01/11/2019 10:21:00'),
('ti00219',24,'sc00008','pa00219','cb00380','ps00094','01/08/2019 01:52:00'),
('ti00220',7,'sc00017','pa00220','cb00389','ps00096','01/06/2019 10:36:00'),
('ti00221',13,'sc00022','pa00221','cb00391','ps00006','01/07/2019 00:22:00'),
('ti00222',18,'sc00030','pa00222','cb00396','ps00012','01/12/2019 04:40:00'),
('ti00223',1,'sc00040','pa00223','cb00404','ps00014','01/02/2019 05:00:00'),
('ti00224',2,'sc00047','pa00224','cb00409','ps00024','01/04/2019 01:03:00'),
('ti00225',8,'sc00050','pa00225','cb00412','ps00032','01/02/2019 06:57:00'),
('ti00226',12,'sc00051','pa00226','cb00418','ps00033','01/09/2019 07:10:00'),
('ti00227',21,'sc00056','pa00227','cb00423','ps00037','01/10/2019 02:31:00'),
('ti00228',16,'sc00059','pa00228','cb00432','ps00041','01/08/2019 02:18:00'),
('ti00229',4,'sc00062','pa00229','cb00435','ps00044','01/08/2019 07:22:00'),
('ti00230',4,'sc00064','pa00230','cb00436','ps00051','01/12/2019 03:04:00'),
('ti00231',13,'sc00070','pa00231','cb00438','ps00054','01/05/2019 08:30:00'),
('ti00232',5,'sc00079','pa00232','cb00446','ps00058','01/04/2019 03:58:00'),
('ti00233',30,'sc00085','pa00233','cb00456','ps00061','01/13/2019 04:04:00'),
('ti00234',5,'sc00091','pa00234','cb00464','ps00071','01/08/2019 04:18:00'),
('ti00235',6,'sc00098','pa00235','cb00465','ps00072','01/09/2019 02:50:00'),
('ti00236',10,'sc00006','pa00236','cb00469','ps00080','01/05/2019 10:05:00'),
('ti00237',15,'sc00012','pa00237','cb00478','ps00088','01/07/2019 03:37:00'),
('ti00238',25,'sc00022','pa00238','cb00485','ps00093','01/05/2019 09:19:00'),
('ti00239',28,'sc00026','pa00239','cb00487','ps00094','01/13/2019 03:41:00'),
('ti00240',19,'sc00034','pa00240','cb00495','ps00100','01/13/2019 01:54:00'),
('ti00241',5,'sc00035','pa00241','cb00501','ps00005','01/01/2019 10:05:00'),
('ti00242',26,'sc00044','pa00242','cb00509','ps00008','01/02/2019 08:20:00'),
('ti00243',18,'sc00054','pa00243','cb00517','ps00010','01/13/2019 00:14:00'),
('ti00244',15,'sc00055','pa00244','cb00527','ps00017','01/12/2019 00:28:00'),
('ti00245',17,'sc00065','pa00245','cb00528','ps00021','01/12/2019 08:53:00'),
('ti00246',16,'sc00072','pa00246','cb00533','ps00029','01/06/2019 09:25:00'),
('ti00247',17,'sc00080','pa00247','cb00537','ps00037','01/11/2019 05:49:00'),
('ti00248',2,'sc00085','pa00248','cb00539','ps00042','01/03/2019 09:00:00'),
('ti00249',20,'sc00090','pa00249','cb00546','ps00050','01/02/2019 02:51:00'),
('ti00250',10,'sc00098','pa00250','cb00551','ps00054','01/09/2019 00:18:00'),
('ti00251',10,'sc00010','pa00251','cf00008','pg00010','01/12/2019 04:21:00'),
('ti00252',20,'sc00011','pa00252','cf00010','pg00017','01/14/2019 05:09:00'),
('ti00253',22,'sc00017','pa00253','cf00013','pg00021','01/08/2019 00:27:00'),
('ti00254',24,'sc00027','pa00254','cf00022','pg00029','01/13/2019 10:31:00'),
('ti00255',11,'sc00033','pa00255','cf00029','pg00034','01/05/2019 06:55:00'),
('ti00256',10,'sc00035','pa00256','cf00031','pg00035','01/10/2019 06:19:00'),
('ti00257',13,'sc00041','pa00257','cf00038','pg00005','01/08/2019 06:27:00'),
('ti00258',17,'sc00043','pa00258','cf00044','pg00011','01/02/2019 07:51:00'),
('ti00259',17,'sc00047','pa00259','cf00047','pg00020','01/12/2019 07:51:00'),
('ti00260',22,'sc00057','pa00260','cf00055','pg00026','01/04/2019 08:06:00'),
('ti00261',22,'sc00061','pa00261','cf00058','pg00028','01/04/2019 10:53:00'),
('ti00262',28,'sc00063','pa00262','cf00061','pg00032','01/05/2019 06:08:00'),
('ti00263',5,'sc00068','pa00263','cf00071','pg00002','01/07/2019 05:08:00'),
('ti00264',6,'sc00077','pa00264','cf00077','pg00003','01/02/2019 06:22:00'),
('ti00265',12,'sc00083','pa00265','cf00082','pg00008','01/06/2019 03:40:00'),
('ti00266',1,'sc00092','pa00266','cf00089','pg00010','01/01/2019 06:17:00'),
('ti00267',16,'sc00100','pa00267','cf00098','pg00012','01/04/2019 10:23:00'),
('ti00268',10,'sc00001','pa00268','cf00101','pg00016','01/09/2019 03:00:00'),
('ti00269',1,'sc00005','pa00269','cf00107','pg00020','01/05/2019 00:34:00'),
('ti00270',10,'sc00008','pa00270','cf00113','pg00021','01/05/2019 04:12:00'),
('ti00271',5,'sc00013','pa00271','cf00115','pg00029','01/05/2019 01:26:00'),
('ti00272',5,'sc00020','pa00272','cf00120','pg00001','01/04/2019 06:18:00'),
('ti00273',14,'sc00025','pa00273','cf00129','pg00002','01/13/2019 03:15:00'),
('ti00274',6,'sc00030','pa00274','cf00130','pg00006','01/03/2019 07:24:00'),
('ti00275',4,'sc00036','pa00275','cf00131','pg00011','01/13/2019 06:06:00'),
('ti00276',24,'sc00041','pa00276','cf00135','pg00018','01/10/2019 10:37:00'),
('ti00277',20,'sc00049','pa00277','cf00145','pg00025','01/06/2019 01:31:00'),
('ti00278',2,'sc00055','pa00278','cf00151','pg00035','01/02/2019 05:45:00'),
('ti00279',6,'sc00064','pa00279','cf00159','pg00001','01/11/2019 06:20:00'),
('ti00280',8,'sc00074','pa00280','cf00166','pg00011','01/08/2019 08:52:00'),
('ti00281',11,'sc00075','pa00281','cf00172','pg00012','01/06/2019 00:29:00'),
('ti00282',13,'sc00082','pa00282','cf00177','pg00018','01/07/2019 03:58:00'),
('ti00283',9,'sc00086','pa00283','cf00185','pg00019','01/01/2019 09:45:00'),
('ti00284',23,'sc00092','pa00284','cf00186','pg00026','01/11/2019 02:11:00'),
('ti00285',19,'sc00096','pa00285','cf00192','pg00033','01/10/2019 03:04:00'),
('ti00286',26,'sc00009','pa00286','cf00007','pp00011','01/05/2019 02:57:00'),
('ti00287',28,'sc00015','pa00287','cf00016','pp00015','01/08/2019 07:45:00'),
('ti00288',29,'sc00017','pa00288','cf00018','pp00004','01/11/2019 10:56:00'),
('ti00289',18,'sc00019','pa00289','cf00026','pp00012','01/05/2019 07:50:00'),
('ti00290',2,'sc00024','pa00290','cf00036','pp00013','01/09/2019 07:19:00'),
('ti00291',29,'sc00032','pa00291','cf00037','pp00014','01/13/2019 06:56:00'),
('ti00292',22,'sc00039','pa00292','cf00041','pp00015','01/07/2019 09:13:00'),
('ti00293',7,'sc00047','pa00293','cf00043','pp00007','01/11/2019 02:55:00'),
('ti00294',18,'sc00052','pa00294','cf00050','pp00008','01/09/2019 09:27:00'),
('ti00295',17,'sc00056','pa00295','cf00051','pp00009','01/14/2019 04:31:00'),
('ti00296',15,'sc00062','pa00296','cf00053','pp00015','01/11/2019 04:52:00'),
('ti00297',24,'sc00064','pa00297','cf00057','pp00006','01/06/2019 03:13:00'),
('ti00298',30,'sc00072','pa00298','cf00067','pp00010','01/08/2019 06:26:00'),
('ti00299',30,'sc00074','pa00299','cf00074','pp00012','01/05/2019 02:33:00'),
('ti00300',20,'sc00082','pa00300','cf00078','pp00003','01/03/2019 00:04:00');
